區,日期,溫度,平均露點溫度,平均相對濕度,最高溫度,最低溫度,最高體感溫度,最低體感溫度,最大舒適度指數,最小舒適度指數,12小時降雨機率,風向,最大風速,天氣現象,紫外線指數,天氣描述
新營區,2019-11-11T00:00:00+08:00,20,18,92,20,19,20,19,20,19,0,偏南風,3,晴時多雲,NONE,晴時多雲。降雨機率 0%。溫度攝氏19至20度。稍有寒意至舒適。偏南風 風速2級(每秒3公尺)。相對濕度92%。
新營區,2019-11-11T06:00:00+08:00,24,18,67,28,19,28,19,25,18,0,偏西風,6,晴時多雲,6,晴時多雲。降雨機率 0%。溫度攝氏19至28度。稍有寒意至舒適。偏西風 風速4級(每秒6公尺)。相對濕度67%。
新營區,2019-11-11T18:00:00+08:00,20,17,82,23,19,24,19,22,19,0,東南風,4,晴時多雲,NONE,晴時多雲。降雨機率 0%。溫度攝氏19至23度。稍有寒意至舒適。東南風 風速3級(每秒4公尺)。相對濕度82%。
新營區,2019-11-12T06:00:00+08:00,25,18,67,29,19,29,19,26,18,0,偏西風,6,晴時多雲,6,晴時多雲。降雨機率 0%。溫度攝氏19至29度。稍有寒意至舒適。偏西風 風速4級(每秒6公尺)。相對濕度67%。
新營區,2019-11-12T18:00:00+08:00,21,18,82,24,19,24,19,22,19,0,偏北風,4,多雲,NONE,多雲。降雨機率 0%。溫度攝氏19至24度。稍有寒意至舒適。偏北風 風速3級(每秒4公尺)。相對濕度82%。
新營區,2019-11-13T06:00:00+08:00,25,19,69,29,19,29,19,26,18,0,西北風,6,晴時多雲,6,晴時多雲。降雨機率 0%。溫度攝氏19至29度。稍有寒意至舒適。西北風 風速4級(每秒6公尺)。相對濕度69%。
新營區,2019-11-13T18:00:00+08:00,22,19,84,24,20,23,19,23,20,0,偏北風,5,晴時多雲,NONE,晴時多雲。降雨機率 0%。溫度攝氏20至24度。舒適。偏北風 風速3級(每秒5公尺)。相對濕度84%。
新營區,2019-11-14T06:00:00+08:00,25,18,68,28,20,27,19,25,20,,偏北風,7,多雲,5,多雲。溫度攝氏20至28度。舒適。偏北風 風速4級(每秒7公尺)。相對濕度68%。
新營區,2019-11-14T18:00:00+08:00,21,16,78,23,19,21,18,21,18,,偏北風,5,多雲,NONE,多雲。溫度攝氏19至23度。稍有寒意至舒適。偏北風 風速3級(每秒5公尺)。相對濕度78%。
新營區,2019-11-15T06:00:00+08:00,25,18,66,28,19,29,18,25,18,,偏北風,4,多雲時晴,5,多雲時晴。溫度攝氏19至28度。稍有寒意至舒適。偏北風 風速3級(每秒4公尺)。相對濕度66%。
新營區,2019-11-15T18:00:00+08:00,22,19,82,24,20,25,20,22,20,,東北風,4,晴時多雲,NONE,晴時多雲。溫度攝氏20至24度。舒適。東北風 風速3級(每秒4公尺)。相對濕度82%。
新營區,2019-11-16T06:00:00+08:00,25,19,70,28,20,28,20,25,20,,西北風,5,晴時多雲,6,晴時多雲。溫度攝氏20至28度。舒適。西北風 風速3級(每秒5公尺)。相對濕度70%。
新營區,2019-11-16T18:00:00+08:00,21,18,85,24,20,23,18,22,19,,偏北風,6,晴時多雲,NONE,晴時多雲。溫度攝氏20至24度。稍有寒意至舒適。偏北風 風速4級(每秒6公尺)。相對濕度85%。
新營區,2019-11-17T06:00:00+08:00,25,19,70,29,19,28,18,26,19,,偏北風,6,晴時多雲,6,晴時多雲。溫度攝氏19至29度。稍有寒意至舒適。偏北風 風速4級(每秒6公尺)。相對濕度70%。
新營區,2019-11-17T18:00:00+08:00,21,19,85,24,20,24,18,22,19,,偏北風,5,晴時多雲,NONE,晴時多雲。溫度攝氏20至24度。稍有寒意至舒適。偏北風 風速3級(每秒5公尺)。相對濕度85%。
鹽水區,2019-11-11T00:00:00+08:00,19,17,90,19,18,19,18,19,18,0,偏南風,3,晴時多雲,NONE,晴時多雲。降雨機率 0%。溫度攝氏18至19度。稍有寒意。偏南風 風速2級(每秒3公尺)。相對濕度90%。
鹽水區,2019-11-11T06:00:00+08:00,24,17,66,27,18,28,18,24,18,0,西北風,7,晴時多雲,6,晴時多雲。降雨機率 0%。溫度攝氏18至27度。稍有寒意至舒適。西北風 風速4級(每秒7公尺)。相對濕度66%。
鹽水區,2019-11-11T18:00:00+08:00,20,16,80,22,18,22,18,21,18,0,東南風,5,晴時多雲,NONE,晴時多雲。降雨機率 0%。溫度攝氏18至22度。稍有寒意至舒適。東南風 風速3級(每秒5公尺)。相對濕度80%。
鹽水區,2019-11-12T06:00:00+08:00,24,18,67,28,18,29,17,25,18,0,東南風,6,晴時多雲,6,晴時多雲。降雨機率 0%。溫度攝氏18至28度。稍有寒意至舒適。東南風 風速4級(每秒6公尺)。相對濕度67%。
鹽水區,2019-11-12T18:00:00+08:00,20,17,81,23,19,23,18,21,18,0,偏北風,5,晴時多雲,NONE,晴時多雲。降雨機率 0%。溫度攝氏19至23度。稍有寒意至舒適。偏北風 風速3級(每秒5公尺)。相對濕度81%。
鹽水區,2019-11-13T06:00:00+08:00,24,18,70,28,19,28,18,25,18,0,西北風,7,晴時多雲,6,晴時多雲。降雨機率 0%。溫度攝氏19至28度。稍有寒意至舒適。西北風 風速4級(每秒7公尺)。相對濕度70%。
鹽水區,2019-11-13T18:00:00+08:00,21,18,81,23,20,21,18,22,19,0,偏北風,7,晴時多雲,NONE,晴時多雲。降雨機率 0%。溫度攝氏20至23度。稍有寒意至舒適。偏北風 風速4級(每秒7公尺)。相對濕度81%。
鹽水區,2019-11-14T06:00:00+08:00,24,17,67,27,20,25,18,24,19,,偏北風,8,多雲時晴,5,多雲時晴。溫度攝氏20至27度。稍有寒意至舒適。偏北風 風速5級(每秒8公尺)。相對濕度67%。
鹽水區,2019-11-14T18:00:00+08:00,20,15,76,22,18,19,17,20,18,,偏北風,6,多雲,NONE,多雲。溫度攝氏18至22度。稍有寒意至舒適。偏北風 風速4級(每秒6公尺)。相對濕度76%。
鹽水區,2019-11-15T06:00:00+08:00,24,17,66,28,18,28,17,25,18,,偏北風,4,多雲時晴,5,多雲時晴。溫度攝氏18至28度。稍有寒意至舒適。偏北風 風速3級(每秒4公尺)。相對濕度66%。
鹽水區,2019-11-15T18:00:00+08:00,21,18,81,23,20,23,19,22,19,,東北風,5,晴時多雲,NONE,晴時多雲。溫度攝氏20至23度。稍有寒意至舒適。東北風 風速3級(每秒5公尺)。相對濕度81%。
鹽水區,2019-11-16T06:00:00+08:00,24,18,70,27,20,27,19,24,19,,西北風,6,晴時多雲,6,晴時多雲。溫度攝氏20至27度。稍有寒意至舒適。西北風 風速4級(每秒6公尺)。相對濕度70%。
鹽水區,2019-11-16T18:00:00+08:00,21,18,84,23,19,22,17,21,19,,偏北風,7,晴時多雲,NONE,晴時多雲。溫度攝氏19至23度。稍有寒意至舒適。偏北風 風速4級(每秒7公尺)。相對濕度84%。
鹽水區,2019-11-17T06:00:00+08:00,25,19,71,28,19,27,17,25,19,,偏北風,7,晴時多雲,6,晴時多雲。溫度攝氏19至28度。稍有寒意至舒適。偏北風 風速4級(每秒7公尺)。相對濕度71%。
鹽水區,2019-11-17T18:00:00+08:00,21,18,84,23,19,22,18,22,19,,偏北風,5,晴時多雲,NONE,晴時多雲。溫度攝氏19至23度。稍有寒意至舒適。偏北風 風速3級(每秒5公尺)。相對濕度84%。
白河區,2019-11-11T00:00:00+08:00,19,18,93,20,18,21,19,19,18,0,偏南風,3,晴時多雲,NONE,晴時多雲。降雨機率 0%。溫度攝氏18至20度。稍有寒意。偏南風 風速2級(每秒3公尺)。相對濕度93%。
白河區,2019-11-11T06:00:00+08:00,24,18,68,28,18,29,18,25,18,0,偏西風,5,晴時多雲,6,晴時多雲。降雨機率 0%。溫度攝氏18至28度。稍有寒意至舒適。偏西風 風速3級(每秒5公尺)。相對濕度68%。
白河區,2019-11-11T18:00:00+08:00,20,17,84,23,18,24,19,21,18,0,偏東風,2,晴時多雲,NONE,晴時多雲。降雨機率 0%。溫度攝氏18至23度。稍有寒意至舒適。偏東風 風速2級(每秒2公尺)。相對濕度84%。
白河區,2019-11-12T06:00:00+08:00,25,18,68,29,18,30,18,26,18,0,偏西風,5,晴時多雲,6,晴時多雲。降雨機率 0%。溫度攝氏18至29度。稍有寒意至舒適。偏西風 風速3級(每秒5公尺)。相對濕度68%。
白河區,2019-11-12T18:00:00+08:00,20,18,86,24,19,25,20,22,19,0,東北風,2,多雲,NONE,多雲。降雨機率 0%。溫度攝氏19至24度。稍有寒意至舒適。東北風 風速2級(每秒2公尺)。相對濕度86%。
白河區,2019-11-13T06:00:00+08:00,25,18,68,29,19,30,20,25,18,0,西北風,4,晴時多雲,6,晴時多雲。降雨機率 0%。溫度攝氏19至29度。稍有寒意至舒適。西北風 風速3級(每秒4公尺)。相對濕度68%。
白河區,2019-11-13T18:00:00+08:00,21,19,88,24,20,24,20,22,19,0,偏北風,4,晴時多雲,NONE,晴時多雲。降雨機率 0%。溫度攝氏20至24度。稍有寒意至舒適。偏北風 風速3級(每秒4公尺)。相對濕度88%。
白河區,2019-11-14T06:00:00+08:00,24,18,71,28,19,28,19,24,19,,西北風,4,多雲,5,多雲。溫度攝氏19至28度。稍有寒意至舒適。西北風 風速3級(每秒4公尺)。相對濕度71%。
白河區,2019-11-14T18:00:00+08:00,21,17,80,23,19,23,20,21,19,,偏北風,3,多雲,NONE,多雲。溫度攝氏19至23度。稍有寒意至舒適。偏北風 風速2級(每秒3公尺)。相對濕度80%。
白河區,2019-11-15T06:00:00+08:00,25,18,68,28,19,30,20,25,19,,偏西風,2,多雲時晴,5,多雲時晴。溫度攝氏19至28度。稍有寒意至舒適。偏西風 風速2級(每秒2公尺)。相對濕度68%。
白河區,2019-11-15T18:00:00+08:00,22,19,85,24,20,26,21,22,20,,東北風,3,晴時多雲,NONE,晴時多雲。溫度攝氏20至24度。舒適。東北風 風速2級(每秒3公尺)。相對濕度85%。
白河區,2019-11-16T06:00:00+08:00,25,19,71,28,20,29,21,25,20,,西北風,3,晴時多雲,6,晴時多雲。溫度攝氏20至28度。舒適。西北風 風速2級(每秒3公尺)。相對濕度71%。
白河區,2019-11-16T18:00:00+08:00,21,19,88,24,20,24,19,22,19,,偏北風,4,晴時多雲,NONE,晴時多雲。溫度攝氏20至24度。稍有寒意至舒適。偏北風 風速3級(每秒4公尺)。相對濕度88%。
白河區,2019-11-17T06:00:00+08:00,25,18,66,29,20,30,19,25,19,,偏北風,4,晴時多雲,6,晴時多雲。溫度攝氏20至29度。稍有寒意至舒適。偏北風 風速3級(每秒4公尺)。相對濕度66%。
白河區,2019-11-17T18:00:00+08:00,21,19,88,24,19,25,19,22,19,,偏北風,3,晴時多雲,NONE,晴時多雲。溫度攝氏19至24度。稍有寒意至舒適。偏北風 風速2級(每秒3公尺)。相對濕度88%。
柳營區,2019-11-11T00:00:00+08:00,19,18,93,20,19,20,19,20,18,0,偏南風,3,晴時多雲,NONE,晴時多雲。降雨機率 0%。溫度攝氏19至20度。稍有寒意至舒適。偏南風 風速2級(每秒3公尺)。相對濕度93%。
柳營區,2019-11-11T06:00:00+08:00,24,18,68,28,18,28,18,25,18,0,偏西風,6,晴時多雲,6,晴時多雲。降雨機率 0%。溫度攝氏18至28度。稍有寒意至舒適。偏西風 風速4級(每秒6公尺)。相對濕度68%。
柳營區,2019-11-11T18:00:00+08:00,20,17,83,23,19,24,19,22,18,0,東南風,3,晴時多雲,NONE,晴時多雲。降雨機率 0%。溫度攝氏19至23度。稍有寒意至舒適。東南風 風速2級(每秒3公尺)。相對濕度83%。
柳營區,2019-11-12T06:00:00+08:00,25,18,68,29,18,29,18,26,18,0,偏西風,6,晴時多雲,6,晴時多雲。降雨機率 0%。溫度攝氏18至29度。稍有寒意至舒適。偏西風 風速4級(每秒6公尺)。相對濕度68%。
柳營區,2019-11-12T18:00:00+08:00,20,17,83,23,19,24,19,22,18,0,西北風,3,多雲,NONE,多雲。降雨機率 0%。溫度攝氏19至23度。稍有寒意至舒適。西北風 風速2級(每秒3公尺)。相對濕度83%。
柳營區,2019-11-13T06:00:00+08:00,25,19,69,29,18,29,18,26,18,0,西北風,6,晴時多雲,6,晴時多雲。降雨機率 0%。溫度攝氏18至29度。稍有寒意至舒適。西北風 風速4級(每秒6公尺)。相對濕度69%。
柳營區,2019-11-13T18:00:00+08:00,22,19,85,24,20,23,19,23,20,0,偏北風,5,晴時多雲,NONE,晴時多雲。降雨機率 0%。溫度攝氏20至24度。舒適。偏北風 風速3級(每秒5公尺)。相對濕度85%。
柳營區,2019-11-14T06:00:00+08:00,25,18,68,28,20,28,19,25,19,,西北風,7,多雲,5,多雲。溫度攝氏20至28度。稍有寒意至舒適。西北風 風速4級(每秒7公尺)。相對濕度68%。
柳營區,2019-11-14T18:00:00+08:00,20,17,79,23,19,21,18,21,18,,偏北風,4,多雲,NONE,多雲。溫度攝氏19至23度。稍有寒意至舒適。偏北風 風速3級(每秒4公尺)。相對濕度79%。
柳營區,2019-11-15T06:00:00+08:00,25,18,67,29,19,29,18,25,18,,偏北風,4,多雲時晴,5,多雲時晴。溫度攝氏19至29度。稍有寒意至舒適。偏北風 風速3級(每秒4公尺)。相對濕度67%。
柳營區,2019-11-15T18:00:00+08:00,22,19,84,24,20,25,20,22,20,,東北風,4,晴時多雲,NONE,晴時多雲。溫度攝氏20至24度。舒適。東北風 風速3級(每秒4公尺)。相對濕度84%。
柳營區,2019-11-16T06:00:00+08:00,25,19,70,28,20,28,20,25,20,,西北風,5,晴時多雲,6,晴時多雲。溫度攝氏20至28度。舒適。西北風 風速3級(每秒5公尺)。相對濕度70%。
柳營區,2019-11-16T18:00:00+08:00,21,18,86,23,19,23,18,22,19,,偏北風,6,晴時多雲,NONE,晴時多雲。溫度攝氏19至23度。稍有寒意至舒適。偏北風 風速4級(每秒6公尺)。相對濕度86%。
柳營區,2019-11-17T06:00:00+08:00,25,19,70,29,19,29,17,26,19,,偏北風,6,晴時多雲,6,晴時多雲。溫度攝氏19至29度。稍有寒意至舒適。偏北風 風速4級(每秒6公尺)。相對濕度70%。
柳營區,2019-11-17T18:00:00+08:00,21,19,86,24,20,24,18,22,19,,偏北風,5,晴時多雲,NONE,晴時多雲。溫度攝氏20至24度。稍有寒意至舒適。偏北風 風速3級(每秒5公尺)。相對濕度86%。
後壁區,2019-11-11T00:00:00+08:00,19,17,92,19,18,20,18,19,18,0,偏南風,3,晴時多雲,NONE,晴時多雲。降雨機率 0%。溫度攝氏18至19度。稍有寒意。偏南風 風速2級(每秒3公尺)。相對濕度92%。
後壁區,2019-11-11T06:00:00+08:00,24,18,70,28,18,28,18,25,18,0,偏西風,5,晴時多雲,6,晴時多雲。降雨機率 0%。溫度攝氏18至28度。稍有寒意至舒適。偏西風 風速3級(每秒5公尺)。相對濕度70%。
後壁區,2019-11-11T18:00:00+08:00,20,17,84,23,18,24,18,21,18,0,東南風,3,晴時多雲,NONE,晴時多雲。降雨機率 0%。溫度攝氏18至23度。稍有寒意至舒適。東南風 風速2級(每秒3公尺)。相對濕度84%。
後壁區,2019-11-12T06:00:00+08:00,25,19,70,29,18,30,18,26,18,0,偏西風,6,晴時多雲,6,晴時多雲。降雨機率 0%。溫度攝氏18至29度。稍有寒意至舒適。偏西風 風速4級(每秒6公尺)。相對濕度70%。
後壁區,2019-11-12T18:00:00+08:00,20,18,86,23,18,24,19,22,18,0,偏東風,4,多雲,NONE,多雲。降雨機率 0%。溫度攝氏18至23度。稍有寒意至舒適。偏東風 風速3級(每秒4公尺)。相對濕度86%。
後壁區,2019-11-13T06:00:00+08:00,25,19,70,29,18,30,18,26,18,0,西北風,6,晴時多雲,6,晴時多雲。降雨機率 0%。溫度攝氏18至29度。稍有寒意至舒適。西北風 風速4級(每秒6公尺)。相對濕度70%。
後壁區,2019-11-13T18:00:00+08:00,21,19,87,24,20,23,19,23,19,0,偏北風,5,晴時多雲,NONE,晴時多雲。降雨機率 0%。溫度攝氏20至24度。稍有寒意至舒適。偏北風 風速3級(每秒5公尺)。相對濕度87%。
後壁區,2019-11-14T06:00:00+08:00,24,18,71,27,19,27,19,24,19,,西北風,6,多雲,5,多雲。溫度攝氏19至27度。稍有寒意至舒適。西北風 風速4級(每秒6公尺)。相對濕度71%。
後壁區,2019-11-14T18:00:00+08:00,20,16,80,23,19,21,18,21,18,,偏北風,4,多雲,NONE,多雲。溫度攝氏19至23度。稍有寒意至舒適。偏北風 風速3級(每秒4公尺)。相對濕度80%。
後壁區,2019-11-15T06:00:00+08:00,24,18,69,28,18,29,18,25,18,,西北風,3,多雲時晴,5,多雲時晴。溫度攝氏18至28度。稍有寒意至舒適。西北風 風速2級(每秒3公尺)。相對濕度69%。
後壁區,2019-11-15T18:00:00+08:00,21,19,85,24,20,25,20,22,20,,偏東風,4,晴時多雲,NONE,晴時多雲。溫度攝氏20至24度。舒適。偏東風 風速3級(每秒4公尺)。相對濕度85%。
後壁區,2019-11-16T06:00:00+08:00,24,19,72,28,20,28,20,25,19,,西北風,4,晴時多雲,6,晴時多雲。溫度攝氏20至28度。稍有寒意至舒適。西北風 風速3級(每秒4公尺)。相對濕度72%。
後壁區,2019-11-16T18:00:00+08:00,21,19,87,23,19,24,18,22,19,,偏北風,5,晴時多雲,NONE,晴時多雲。溫度攝氏19至23度。稍有寒意至舒適。偏北風 風速3級(每秒5公尺)。相對濕度87%。
後壁區,2019-11-17T06:00:00+08:00,25,19,71,29,19,29,18,26,19,,偏北風,6,晴時多雲,6,晴時多雲。溫度攝氏19至29度。稍有寒意至舒適。偏北風 風速4級(每秒6公尺)。相對濕度71%。
後壁區,2019-11-17T18:00:00+08:00,21,18,87,24,19,24,18,22,19,,偏北風,4,晴時多雲,NONE,晴時多雲。溫度攝氏19至24度。稍有寒意至舒適。偏北風 風速3級(每秒4公尺)。相對濕度87%。
東山區,2019-11-11T00:00:00+08:00,19,18,94,20,18,21,19,19,18,0,偏南風,3,晴時多雲,NONE,晴時多雲。降雨機率 0%。溫度攝氏18至20度。稍有寒意。偏南風 風速2級(每秒3公尺)。相對濕度94%。
東山區,2019-11-11T06:00:00+08:00,24,18,69,28,18,28,18,25,18,0,偏西風,4,晴時多雲,6,晴時多雲。降雨機率 0%。溫度攝氏18至28度。稍有寒意至舒適。偏西風 風速3級(每秒4公尺)。相對濕度69%。
東山區,2019-11-11T18:00:00+08:00,20,17,85,22,18,24,18,21,18,0,東南風,2,晴時多雲,NONE,晴時多雲。降雨機率 0%。溫度攝氏18至22度。稍有寒意至舒適。東南風 風速2級(每秒2公尺)。相對濕度85%。
東山區,2019-11-12T06:00:00+08:00,24,18,69,29,18,30,18,25,18,0,偏西風,4,晴時多雲,6,晴時多雲。降雨機率 0%。溫度攝氏18至29度。稍有寒意至舒適。偏西風 風速3級(每秒4公尺)。相對濕度69%。
東山區,2019-11-12T18:00:00+08:00,20,18,87,23,19,25,19,22,18,0,東北風,2,多雲,NONE,多雲。降雨機率 0%。溫度攝氏19至23度。稍有寒意至舒適。東北風 風速2級(每秒2公尺)。相對濕度87%。
東山區,2019-11-13T06:00:00+08:00,25,18,69,29,18,30,19,25,18,0,西北風,4,晴時多雲,6,晴時多雲。降雨機率 0%。溫度攝氏18至29度。稍有寒意至舒適。西北風 風速3級(每秒4公尺)。相對濕度69%。
東山區,2019-11-13T18:00:00+08:00,21,19,89,24,19,24,19,22,19,0,偏北風,4,晴時多雲,NONE,晴時多雲。降雨機率 0%。溫度攝氏19至24度。稍有寒意至舒適。偏北風 風速3級(每秒4公尺)。相對濕度89%。
東山區,2019-11-14T06:00:00+08:00,24,18,71,27,19,28,19,24,19,,西北風,4,多雲,5,多雲。溫度攝氏19至27度。稍有寒意至舒適。西北風 風速3級(每秒4公尺)。相對濕度71%。
東山區,2019-11-14T18:00:00+08:00,20,17,81,23,19,22,20,21,19,,偏北風,3,多雲,NONE,多雲。溫度攝氏19至23度。稍有寒意至舒適。偏北風 風速2級(每秒3公尺)。相對濕度81%。
東山區,2019-11-15T06:00:00+08:00,25,19,69,28,19,30,20,25,19,,偏西風,2,多雲時晴,5,多雲時晴。溫度攝氏19至28度。稍有寒意至舒適。偏西風 風速2級(每秒2公尺)。相對濕度69%。
東山區,2019-11-15T18:00:00+08:00,22,19,88,24,20,26,21,22,20,,偏東風,3,晴時多雲,NONE,晴時多雲。溫度攝氏20至24度。舒適。偏東風 風速2級(每秒3公尺)。相對濕度88%。
東山區,2019-11-16T06:00:00+08:00,25,19,72,28,20,29,21,25,20,,西北風,3,晴時多雲,6,晴時多雲。溫度攝氏20至28度。舒適。西北風 風速2級(每秒3公尺)。相對濕度72%。
東山區,2019-11-16T18:00:00+08:00,21,19,88,23,20,24,19,22,19,,偏北風,4,晴時多雲,NONE,晴時多雲。溫度攝氏20至23度。稍有寒意至舒適。偏北風 風速3級(每秒4公尺)。相對濕度88%。
東山區,2019-11-17T06:00:00+08:00,25,18,67,29,19,29,19,25,19,,偏北風,4,晴時多雲,6,晴時多雲。溫度攝氏19至29度。稍有寒意至舒適。偏北風 風速3級(每秒4公尺)。相對濕度67%。
東山區,2019-11-17T18:00:00+08:00,21,19,89,23,19,24,19,22,19,,偏北風,3,晴時多雲,NONE,晴時多雲。溫度攝氏19至23度。稍有寒意至舒適。偏北風 風速2級(每秒3公尺)。相對濕度89%。
麻豆區,2019-11-11T00:00:00+08:00,20,18,93,20,19,21,20,20,19,0,偏東風,3,晴時多雲,NONE,晴時多雲。降雨機率 0%。溫度攝氏19至20度。稍有寒意至舒適。偏東風 風速2級(每秒3公尺)。相對濕度93%。
麻豆區,2019-11-11T06:00:00+08:00,25,19,70,28,19,29,19,25,19,0,西北風,6,晴時多雲,6,晴時多雲。降雨機率 0%。溫度攝氏19至28度。稍有寒意至舒適。西北風 風速4級(每秒6公尺)。相對濕度70%。
麻豆區,2019-11-11T18:00:00+08:00,20,18,84,23,19,24,18,22,18,0,東南風,5,晴時多雲,NONE,晴時多雲。降雨機率 0%。溫度攝氏19至23度。稍有寒意至舒適。東南風 風速3級(每秒5公尺)。相對濕度84%。
麻豆區,2019-11-12T06:00:00+08:00,25,19,69,29,19,30,18,26,18,0,東南風,6,晴時多雲,6,晴時多雲。降雨機率 0%。溫度攝氏19至29度。稍有寒意至舒適。東南風 風速4級(每秒6公尺)。相對濕度69%。
麻豆區,2019-11-12T18:00:00+08:00,21,18,84,24,20,25,20,22,19,0,偏北風,3,多雲,NONE,多雲。降雨機率 0%。溫度攝氏20至24度。稍有寒意至舒適。偏北風 風速2級(每秒3公尺)。相對濕度84%。
麻豆區,2019-11-13T06:00:00+08:00,26,20,71,29,19,29,20,26,19,0,西北風,6,晴時多雲,6,晴時多雲。降雨機率 0%。溫度攝氏19至29度。稍有寒意至舒適。西北風 風速4級(每秒6公尺)。相對濕度71%。
麻豆區,2019-11-13T18:00:00+08:00,22,20,85,24,21,23,20,23,20,0,偏北風,6,晴時多雲,NONE,晴時多雲。降雨機率 0%。溫度攝氏21至24度。舒適。偏北風 風速4級(每秒6公尺)。相對濕度85%。
麻豆區,2019-11-14T06:00:00+08:00,26,19,69,29,21,28,19,25,20,,偏北風,7,多雲,5,多雲。溫度攝氏21至29度。舒適。偏北風 風速4級(每秒7公尺)。相對濕度69%。
麻豆區,2019-11-14T18:00:00+08:00,21,17,80,24,20,22,19,22,19,,偏北風,5,多雲,NONE,多雲。溫度攝氏20至24度。稍有寒意至舒適。偏北風 風速3級(每秒5公尺)。相對濕度80%。
麻豆區,2019-11-15T06:00:00+08:00,25,20,73,29,19,30,19,26,19,,東北風,5,多雲時晴,5,多雲時晴。溫度攝氏19至29度。稍有寒意至舒適。東北風 風速3級(每秒5公尺)。相對濕度73%。
麻豆區,2019-11-15T18:00:00+08:00,22,19,84,25,21,25,21,23,21,,偏東風,4,晴時多雲,NONE,晴時多雲。溫度攝氏21至25度。舒適。偏東風 風速3級(每秒4公尺)。相對濕度84%。
麻豆區,2019-11-16T06:00:00+08:00,25,20,73,28,21,28,21,25,20,,西北風,5,晴時多雲,6,晴時多雲。溫度攝氏21至28度。舒適。西北風 風速3級(每秒5公尺)。相對濕度73%。
麻豆區,2019-11-16T18:00:00+08:00,21,19,86,24,20,23,18,22,20,,偏北風,6,晴時多雲,NONE,晴時多雲。溫度攝氏20至24度。舒適。偏北風 風速4級(每秒6公尺)。相對濕度86%。
麻豆區,2019-11-17T06:00:00+08:00,26,20,72,29,20,28,18,26,19,,偏北風,7,晴時多雲,6,晴時多雲。溫度攝氏20至29度。稍有寒意至舒適。偏北風 風速4級(每秒7公尺)。相對濕度72%。
麻豆區,2019-11-17T18:00:00+08:00,22,19,86,24,20,24,20,23,20,,偏北風,5,晴時多雲,NONE,晴時多雲。溫度攝氏20至24度。舒適。偏北風 風速3級(每秒5公尺)。相對濕度86%。
下營區,2019-11-11T00:00:00+08:00,19,18,92,20,18,19,18,19,18,0,偏南風,4,晴時多雲,NONE,晴時多雲。降雨機率 0%。溫度攝氏18至20度。稍有寒意。偏南風 風速3級(每秒4公尺)。相對濕度92%。
下營區,2019-11-11T06:00:00+08:00,24,17,66,28,18,29,18,25,18,0,偏西風,6,晴時多雲,6,晴時多雲。降雨機率 0%。溫度攝氏18至28度。稍有寒意至舒適。偏西風 風速4級(每秒6公尺)。相對濕度66%。
下營區,2019-11-11T18:00:00+08:00,20,16,82,22,18,22,18,21,18,0,偏南風,4,晴時多雲,NONE,晴時多雲。降雨機率 0%。溫度攝氏18至22度。稍有寒意至舒適。偏南風 風速3級(每秒4公尺)。相對濕度82%。
下營區,2019-11-12T06:00:00+08:00,25,18,66,29,18,30,18,26,18,0,偏西風,6,晴時多雲,6,晴時多雲。降雨機率 0%。溫度攝氏18至29度。稍有寒意至舒適。偏西風 風速4級(每秒6公尺)。相對濕度66%。
下營區,2019-11-12T18:00:00+08:00,20,17,82,23,19,23,18,22,18,0,西北風,4,多雲,NONE,多雲。降雨機率 0%。溫度攝氏19至23度。稍有寒意至舒適。西北風 風速3級(每秒4公尺)。相對濕度82%。
下營區,2019-11-13T06:00:00+08:00,25,18,68,28,18,28,19,26,18,0,西北風,7,晴時多雲,6,晴時多雲。降雨機率 0%。溫度攝氏18至28度。稍有寒意至舒適。西北風 風速4級(每秒7公尺)。相對濕度68%。
下營區,2019-11-13T18:00:00+08:00,21,18,83,24,20,22,18,22,20,0,偏北風,6,晴時多雲,NONE,晴時多雲。降雨機率 0%。溫度攝氏20至24度。舒適。偏北風 風速4級(每秒6公尺)。相對濕度83%。
下營區,2019-11-14T06:00:00+08:00,25,18,66,28,20,27,18,25,19,,偏北風,7,多雲,5,多雲。溫度攝氏20至28度。稍有寒意至舒適。偏北風 風速4級(每秒7公尺)。相對濕度66%。
下營區,2019-11-14T18:00:00+08:00,20,16,78,23,19,20,18,21,18,,偏北風,5,多雲,NONE,多雲。溫度攝氏19至23度。稍有寒意至舒適。偏北風 風速3級(每秒5公尺)。相對濕度78%。
下營區,2019-11-15T06:00:00+08:00,25,18,66,29,18,29,17,25,18,,偏北風,4,多雲時晴,5,多雲時晴。溫度攝氏18至29度。稍有寒意至舒適。偏北風 風速3級(每秒4公尺)。相對濕度66%。
下營區,2019-11-15T18:00:00+08:00,22,18,82,24,20,24,20,22,20,,偏東風,5,晴時多雲,NONE,晴時多雲。溫度攝氏20至24度。舒適。偏東風 風速3級(每秒5公尺)。相對濕度82%。
下營區,2019-11-16T06:00:00+08:00,25,18,69,28,20,27,19,25,20,,西北風,6,晴時多雲,6,晴時多雲。溫度攝氏20至28度。舒適。西北風 風速4級(每秒6公尺)。相對濕度69%。
下營區,2019-11-16T18:00:00+08:00,21,18,85,23,19,22,17,22,19,,偏北風,6,晴時多雲,NONE,晴時多雲。溫度攝氏19至23度。稍有寒意至舒適。偏北風 風速4級(每秒6公尺)。相對濕度85%。
下營區,2019-11-17T06:00:00+08:00,25,19,70,29,19,28,17,26,19,,偏北風,7,晴時多雲,6,晴時多雲。溫度攝氏19至29度。稍有寒意至舒適。偏北風 風速4級(每秒7公尺)。相對濕度70%。
下營區,2019-11-17T18:00:00+08:00,21,18,84,24,20,23,18,22,19,,偏北風,5,晴時多雲,NONE,晴時多雲。溫度攝氏20至24度。稍有寒意至舒適。偏北風 風速3級(每秒5公尺)。相對濕度84%。
六甲區,2019-11-11T00:00:00+08:00,19,19,98,20,18,21,19,19,18,0,偏西風,2,晴時多雲,NONE,晴時多雲。降雨機率 0%。溫度攝氏18至20度。稍有寒意。偏西風 風速2級(每秒2公尺)。相對濕度98%。
六甲區,2019-11-11T06:00:00+08:00,25,19,72,29,18,30,19,25,18,0,偏西風,6,晴時多雲,6,晴時多雲。降雨機率 0%。溫度攝氏18至29度。稍有寒意至舒適。偏西風 風速4級(每秒6公尺)。相對濕度72%。
六甲區,2019-11-11T18:00:00+08:00,20,18,91,23,18,24,19,22,18,0,偏東風,3,晴時多雲,NONE,晴時多雲。降雨機率 0%。溫度攝氏18至23度。稍有寒意至舒適。偏東風 風速2級(每秒3公尺)。相對濕度91%。
六甲區,2019-11-12T06:00:00+08:00,25,20,72,29,18,30,18,26,18,0,偏西風,5,晴時多雲,6,晴時多雲。降雨機率 0%。溫度攝氏18至29度。稍有寒意至舒適。偏西風 風速3級(每秒5公尺)。相對濕度72%。
六甲區,2019-11-12T18:00:00+08:00,20,19,91,23,19,25,20,22,19,0,偏北風,3,多雲,NONE,多雲。降雨機率 0%。溫度攝氏19至23度。稍有寒意至舒適。偏北風 風速2級(每秒3公尺)。相對濕度91%。
六甲區,2019-11-13T06:00:00+08:00,26,20,75,30,18,31,20,26,18,0,西北風,5,晴時多雲,6,晴時多雲。降雨機率 0%。溫度攝氏18至30度。稍有寒意至舒適。西北風 風速3級(每秒5公尺)。相對濕度75%。
六甲區,2019-11-13T18:00:00+08:00,22,20,93,24,20,24,20,23,20,0,偏北風,4,晴時多雲,NONE,晴時多雲。降雨機率 0%。溫度攝氏20至24度。舒適。偏北風 風速3級(每秒4公尺)。相對濕度93%。
六甲區,2019-11-14T06:00:00+08:00,26,20,74,29,20,30,20,26,20,,西北風,5,多雲,5,多雲。溫度攝氏20至29度。舒適。西北風 風速3級(每秒5公尺)。相對濕度74%。
六甲區,2019-11-14T18:00:00+08:00,21,19,89,24,19,23,20,22,19,,偏北風,4,多雲,NONE,多雲。溫度攝氏19至24度。稍有寒意至舒適。偏北風 風速3級(每秒4公尺)。相對濕度89%。
六甲區,2019-11-15T06:00:00+08:00,26,21,75,30,19,31,20,26,19,,西北風,3,多雲時晴,5,多雲時晴。溫度攝氏19至30度。稍有寒意至舒適。西北風 風速2級(每秒3公尺)。相對濕度75%。
六甲區,2019-11-15T18:00:00+08:00,22,20,91,24,20,26,21,23,20,,偏東風,3,晴時多雲,NONE,晴時多雲。溫度攝氏20至24度。舒適。偏東風 風速2級(每秒3公尺)。相對濕度91%。
六甲區,2019-11-16T06:00:00+08:00,25,20,76,29,20,30,21,26,20,,西北風,4,晴時多雲,6,晴時多雲。溫度攝氏20至29度。舒適。西北風 風速3級(每秒4公尺)。相對濕度76%。
六甲區,2019-11-16T18:00:00+08:00,21,20,94,24,19,24,19,22,19,,偏北風,5,晴時多雲,NONE,晴時多雲。溫度攝氏19至24度。稍有寒意至舒適。偏北風 風速3級(每秒5公尺)。相對濕度94%。
六甲區,2019-11-17T06:00:00+08:00,26,20,74,30,19,30,19,26,19,,偏北風,5,晴時多雲,6,晴時多雲。溫度攝氏19至30度。稍有寒意至舒適。偏北風 風速3級(每秒5公尺)。相對濕度74%。
六甲區,2019-11-17T18:00:00+08:00,21,20,94,24,20,25,20,23,19,,偏北風,4,晴時多雲,NONE,晴時多雲。溫度攝氏20至24度。稍有寒意至舒適。偏北風 風速3級(每秒4公尺)。相對濕度94%。
官田區,2019-11-11T00:00:00+08:00,20,20,99,20,19,22,20,20,19,0,偏東風,3,晴時多雲,NONE,晴時多雲。降雨機率 0%。溫度攝氏19至20度。稍有寒意至舒適。偏東風 風速2級(每秒3公尺)。相對濕度99%。
官田區,2019-11-11T06:00:00+08:00,25,20,75,29,19,30,20,26,19,0,西北風,5,晴時多雲,6,晴時多雲。降雨機率 0%。溫度攝氏19至29度。稍有寒意至舒適。西北風 風速3級(每秒5公尺)。相對濕度75%。
官田區,2019-11-11T18:00:00+08:00,20,20,94,24,19,24,19,22,19,0,偏東風,4,晴時多雲,NONE,晴時多雲。降雨機率 0%。溫度攝氏19至24度。稍有寒意至舒適。偏東風 風速3級(每秒4公尺)。相對濕度94%。
官田區,2019-11-12T06:00:00+08:00,26,21,76,30,19,31,19,27,19,0,偏西風,5,晴時多雲,6,晴時多雲。降雨機率 0%。溫度攝氏19至30度。稍有寒意至悶熱。偏西風 風速3級(每秒5公尺)。相對濕度76%。
官田區,2019-11-12T18:00:00+08:00,21,20,93,24,20,26,20,23,20,0,偏北風,3,多雲,NONE,多雲。降雨機率 0%。溫度攝氏20至24度。舒適。偏北風 風速2級(每秒3公尺)。相對濕度93%。
官田區,2019-11-13T06:00:00+08:00,26,22,79,30,19,31,21,27,19,0,西北風,6,晴時多雲,6,晴時多雲。降雨機率 0%。溫度攝氏19至30度。稍有寒意至悶熱。西北風 風速4級(每秒6公尺)。相對濕度79%。
官田區,2019-11-13T18:00:00+08:00,22,22,96,25,21,25,21,24,21,0,偏北風,5,晴時多雲,NONE,晴時多雲。降雨機率 0%。溫度攝氏21至25度。舒適。偏北風 風速3級(每秒5公尺)。相對濕度96%。
官田區,2019-11-14T06:00:00+08:00,26,22,77,30,21,30,21,26,21,,西北風,6,多雲,5,多雲。溫度攝氏21至30度。舒適。西北風 風速4級(每秒6公尺)。相對濕度77%。
官田區,2019-11-14T18:00:00+08:00,22,20,92,24,20,24,21,23,20,,偏北風,4,多雲,NONE,多雲。溫度攝氏20至24度。舒適。偏北風 風速3級(每秒4公尺)。相對濕度92%。
官田區,2019-11-15T06:00:00+08:00,26,22,79,30,20,32,21,27,20,,偏北風,4,多雲時晴,5,多雲時晴。溫度攝氏20至30度。舒適至悶熱。偏北風 風速3級(每秒4公尺)。相對濕度79%。
官田區,2019-11-15T18:00:00+08:00,23,22,94,25,21,27,22,24,21,,偏東風,4,晴時多雲,NONE,晴時多雲。溫度攝氏21至25度。舒適。偏東風 風速3級(每秒4公尺)。相對濕度94%。
官田區,2019-11-16T06:00:00+08:00,26,22,79,29,21,30,22,26,21,,西北風,5,晴時多雲,6,晴時多雲。溫度攝氏21至29度。舒適。西北風 風速3級(每秒5公尺)。相對濕度79%。
官田區,2019-11-16T18:00:00+08:00,22,21,97,24,20,25,20,23,20,,偏北風,5,晴時多雲,NONE,晴時多雲。溫度攝氏20至24度。舒適。偏北風 風速3級(每秒5公尺)。相對濕度97%。
官田區,2019-11-17T06:00:00+08:00,26,22,80,30,20,30,19,27,20,,偏北風,6,晴時多雲,6,晴時多雲。溫度攝氏20至30度。舒適至悶熱。偏北風 風速4級(每秒6公尺)。相對濕度80%。
官田區,2019-11-17T18:00:00+08:00,22,22,97,25,21,26,21,24,21,,偏北風,4,晴時多雲,NONE,晴時多雲。溫度攝氏21至25度。舒適。偏北風 風速3級(每秒4公尺)。相對濕度97%。
大內區,2019-11-11T00:00:00+08:00,19,19,99,20,19,21,18,20,19,0,偏東風,4,晴時多雲,NONE,晴時多雲。降雨機率 0%。溫度攝氏19至20度。稍有寒意至舒適。偏東風 風速3級(每秒4公尺)。相對濕度99%。
大內區,2019-11-11T06:00:00+08:00,25,19,74,28,18,29,18,25,18,0,偏西風,4,晴時多雲,6,晴時多雲。降雨機率 0%。溫度攝氏18至28度。稍有寒意至舒適。偏西風 風速3級(每秒4公尺)。相對濕度74%。
大內區,2019-11-11T18:00:00+08:00,20,19,94,23,18,24,17,22,18,0,偏東風,5,晴時多雲,NONE,晴時多雲。降雨機率 0%。溫度攝氏18至23度。稍有寒意至舒適。偏東風 風速3級(每秒5公尺)。相對濕度94%。
大內區,2019-11-12T06:00:00+08:00,25,20,74,29,18,30,17,26,18,0,偏西風,4,晴時多雲,6,晴時多雲。降雨機率 0%。溫度攝氏18至29度。稍有寒意至舒適。偏西風 風速3級(每秒4公尺)。相對濕度74%。
大內區,2019-11-12T18:00:00+08:00,21,20,93,24,19,25,20,22,19,0,偏東風,3,多雲,NONE,多雲。降雨機率 0%。溫度攝氏19至24度。稍有寒意至舒適。偏東風 風速2級(每秒3公尺)。相對濕度93%。
大內區,2019-11-13T06:00:00+08:00,26,20,73,30,19,30,20,26,19,0,西北風,4,晴時多雲,6,晴時多雲。降雨機率 0%。溫度攝氏19至30度。稍有寒意至舒適。西北風 風速3級(每秒4公尺)。相對濕度73%。
大內區,2019-11-13T18:00:00+08:00,21,19,88,24,20,24,20,22,20,0,偏北風,3,晴時多雲,NONE,晴時多雲。降雨機率 0%。溫度攝氏20至24度。舒適。偏北風 風速2級(每秒3公尺)。相對濕度88%。
大內區,2019-11-14T06:00:00+08:00,26,20,74,29,20,31,20,26,20,,西北風,4,多雲,5,多雲。溫度攝氏20至29度。舒適。西北風 風速3級(每秒4公尺)。相對濕度74%。
大內區,2019-11-14T18:00:00+08:00,21,19,90,24,20,24,21,22,20,,偏北風,3,多雲,NONE,多雲。溫度攝氏20至24度。舒適。偏北風 風速2級(每秒3公尺)。相對濕度90%。
大內區,2019-11-15T06:00:00+08:00,26,21,77,29,20,31,21,26,20,,偏西風,3,晴時多雲,6,晴時多雲。溫度攝氏20至29度。舒適。偏西風 風速2級(每秒3公尺)。相對濕度77%。
大內區,2019-11-15T18:00:00+08:00,22,20,92,24,20,26,22,23,20,,偏東風,3,晴時多雲,NONE,晴時多雲。溫度攝氏20至24度。舒適。偏東風 風速2級(每秒3公尺)。相對濕度92%。
大內區,2019-11-16T06:00:00+08:00,25,20,77,28,20,29,22,25,20,,西北風,4,晴時多雲,6,晴時多雲。溫度攝氏20至28度。舒適。西北風 風速3級(每秒4公尺)。相對濕度77%。
大內區,2019-11-16T18:00:00+08:00,21,20,95,23,20,24,20,22,20,,偏北風,4,晴時多雲,NONE,晴時多雲。溫度攝氏20至23度。舒適。偏北風 風速3級(每秒4公尺)。相對濕度95%。
大內區,2019-11-17T06:00:00+08:00,26,20,75,30,19,30,20,26,19,,偏北風,4,晴時多雲,6,晴時多雲。溫度攝氏19至30度。稍有寒意至舒適。偏北風 風速3級(每秒4公尺)。相對濕度75%。
大內區,2019-11-17T18:00:00+08:00,21,20,95,24,19,25,20,23,19,,偏北風,3,晴時多雲,NONE,晴時多雲。溫度攝氏19至24度。稍有寒意至舒適。偏北風 風速2級(每秒3公尺)。相對濕度95%。
佳里區,2019-11-11T00:00:00+08:00,19,18,90,20,19,19,18,19,19,0,偏東風,5,晴時多雲,NONE,晴時多雲。降雨機率 0%。溫度攝氏19至20度。稍有寒意。偏東風 風速3級(每秒5公尺)。相對濕度90%。
佳里區,2019-11-11T06:00:00+08:00,24,16,62,28,19,28,18,24,18,0,東北風,7,晴時多雲,6,晴時多雲。降雨機率 0%。溫度攝氏19至28度。稍有寒意至舒適。東北風 風速4級(每秒7公尺)。相對濕度62%。
佳里區,2019-11-11T18:00:00+08:00,20,17,81,22,19,21,17,21,18,0,東南風,6,晴時多雲,NONE,晴時多雲。降雨機率 0%。溫度攝氏19至22度。稍有寒意至舒適。東南風 風速4級(每秒6公尺)。相對濕度81%。
佳里區,2019-11-12T06:00:00+08:00,25,17,62,28,18,30,16,25,18,0,東南風,6,晴時多雲,6,晴時多雲。降雨機率 0%。溫度攝氏18至28度。稍有寒意至舒適。東南風 風速4級(每秒6公尺)。相對濕度62%。
佳里區,2019-11-12T18:00:00+08:00,21,17,79,23,20,23,19,22,19,0,東北風,5,晴時多雲,NONE,晴時多雲。降雨機率 0%。溫度攝氏20至23度。稍有寒意至舒適。東北風 風速3級(每秒5公尺)。相對濕度79%。
佳里區,2019-11-13T06:00:00+08:00,25,18,65,29,19,27,19,25,19,20,西北風,8,晴時多雲,6,晴時多雲。降雨機率 20%。溫度攝氏19至29度。稍有寒意至舒適。西北風 風速5級(每秒8公尺)。相對濕度65%。
佳里區,2019-11-13T18:00:00+08:00,22,18,79,24,20,21,18,22,20,0,偏北風,8,晴時多雲,NONE,晴時多雲。降雨機率 0%。溫度攝氏20至24度。舒適。偏北風 風速5級(每秒8公尺)。相對濕度79%。
佳里區,2019-11-14T06:00:00+08:00,25,17,62,28,20,26,18,24,20,,偏北風,9,多雲,5,多雲。溫度攝氏20至28度。舒適。偏北風 風速5級(每秒9公尺)。相對濕度62%。
佳里區,2019-11-14T18:00:00+08:00,20,16,75,23,19,19,17,21,19,,偏北風,7,多雲,NONE,多雲。溫度攝氏19至23度。稍有寒意至舒適。偏北風 風速4級(每秒7公尺)。相對濕度75%。
佳里區,2019-11-15T06:00:00+08:00,25,18,66,28,19,28,17,25,18,,西北風,5,多雲時晴,6,多雲時晴。溫度攝氏19至28度。稍有寒意至舒適。西北風 風速3級(每秒5公尺)。相對濕度66%。
佳里區,2019-11-15T18:00:00+08:00,22,18,79,24,21,24,19,22,20,,偏東風,6,晴時多雲,NONE,晴時多雲。溫度攝氏21至24度。舒適。偏東風 風速4級(每秒6公尺)。相對濕度79%。
佳里區,2019-11-16T06:00:00+08:00,25,18,68,28,21,26,19,24,20,,西北風,7,晴時多雲,6,晴時多雲。溫度攝氏21至28度。舒適。西北風 風速4級(每秒7公尺)。相對濕度68%。
佳里區,2019-11-16T18:00:00+08:00,21,18,83,23,20,21,17,22,20,,偏北風,7,晴時多雲,NONE,晴時多雲。溫度攝氏20至23度。舒適。偏北風 風速4級(每秒7公尺)。相對濕度83%。
佳里區,2019-11-17T06:00:00+08:00,25,19,67,29,20,27,17,26,19,,偏北風,8,晴時多雲,6,晴時多雲。溫度攝氏20至29度。稍有寒意至舒適。偏北風 風速5級(每秒8公尺)。相對濕度67%。
佳里區,2019-11-17T18:00:00+08:00,22,19,83,24,20,22,18,22,20,,偏北風,6,晴時多雲,NONE,晴時多雲。溫度攝氏20至24度。舒適。偏北風 風速4級(每秒6公尺)。相對濕度83%。
學甲區,2019-11-11T00:00:00+08:00,19,17,88,20,18,19,18,19,18,0,東南風,4,晴時多雲,NONE,晴時多雲。降雨機率 0%。溫度攝氏18至20度。稍有寒意。東南風 風速3級(每秒4公尺)。相對濕度88%。
學甲區,2019-11-11T06:00:00+08:00,23,16,64,26,18,26,18,23,18,0,西北風,6,晴時多雲,6,晴時多雲。降雨機率 0%。溫度攝氏18至26度。稍有寒意至舒適。西北風 風速4級(每秒6公尺)。相對濕度64%。
學甲區,2019-11-11T18:00:00+08:00,20,16,78,22,18,20,16,20,18,0,東南風,6,晴時多雲,NONE,晴時多雲。降雨機率 0%。溫度攝氏18至22度。稍有寒意至舒適。東南風 風速4級(每秒6公尺)。相對濕度78%。
學甲區,2019-11-12T06:00:00+08:00,23,16,64,27,18,28,16,24,18,0,東南風,5,晴時多雲,6,晴時多雲。降雨機率 0%。溫度攝氏18至27度。稍有寒意至舒適。東南風 風速3級(每秒5公尺)。相對濕度64%。
學甲區,2019-11-12T18:00:00+08:00,20,16,78,22,19,22,18,21,19,0,偏北風,4,晴時多雲,NONE,晴時多雲。降雨機率 0%。溫度攝氏19至22度。稍有寒意至舒適。偏北風 風速3級(每秒4公尺)。相對濕度78%。
學甲區,2019-11-13T06:00:00+08:00,24,17,68,26,19,25,18,24,18,20,西北風,8,晴時多雲,6,晴時多雲。降雨機率 20%。溫度攝氏19至26度。稍有寒意至舒適。西北風 風速5級(每秒8公尺)。相對濕度68%。
學甲區,2019-11-13T18:00:00+08:00,21,17,78,23,20,20,17,21,19,0,偏北風,8,晴時多雲,NONE,晴時多雲。降雨機率 0%。溫度攝氏20至23度。稍有寒意至舒適。偏北風 風速5級(每秒8公尺)。相對濕度78%。
學甲區,2019-11-14T06:00:00+08:00,24,16,63,26,20,24,17,23,19,,偏北風,9,多雲,5,多雲。溫度攝氏20至26度。稍有寒意至舒適。偏北風 風速5級(每秒9公尺)。相對濕度63%。
學甲區,2019-11-14T18:00:00+08:00,20,15,73,22,19,18,16,20,18,,偏北風,7,多雲,NONE,多雲。溫度攝氏19至22度。稍有寒意至舒適。偏北風 風速4級(每秒7公尺)。相對濕度73%。
學甲區,2019-11-15T06:00:00+08:00,24,17,66,27,19,26,16,24,18,,西北風,5,多雲時晴,6,多雲時晴。溫度攝氏19至27度。稍有寒意至舒適。西北風 風速3級(每秒5公尺)。相對濕度66%。
學甲區,2019-11-15T18:00:00+08:00,21,17,78,23,20,23,19,21,20,,東北風,5,晴時多雲,NONE,晴時多雲。溫度攝氏20至23度。舒適。東北風 風速3級(每秒5公尺)。相對濕度78%。
學甲區,2019-11-16T06:00:00+08:00,24,18,69,26,20,24,19,23,20,,西北風,6,晴時多雲,6,晴時多雲。溫度攝氏20至26度。舒適。西北風 風速4級(每秒6公尺)。相對濕度69%。
學甲區,2019-11-16T18:00:00+08:00,21,18,82,22,20,20,17,21,19,,偏北風,7,晴時多雲,NONE,晴時多雲。溫度攝氏20至22度。稍有寒意至舒適。偏北風 風速4級(每秒7公尺)。相對濕度82%。
學甲區,2019-11-17T06:00:00+08:00,24,18,69,27,20,25,17,24,19,,偏北風,8,晴時多雲,6,晴時多雲。溫度攝氏20至27度。稍有寒意至舒適。偏北風 風速5級(每秒8公尺)。相對濕度69%。
學甲區,2019-11-17T18:00:00+08:00,21,18,81,23,20,21,18,22,19,,偏北風,6,晴時多雲,NONE,晴時多雲。溫度攝氏20至23度。稍有寒意至舒適。偏北風 風速4級(每秒6公尺)。相對濕度81%。
西港區,2019-11-11T00:00:00+08:00,20,18,91,20,19,20,18,20,19,0,偏東風,5,晴時多雲,NONE,晴時多雲。降雨機率 0%。溫度攝氏19至20度。稍有寒意至舒適。偏東風 風速3級(每秒5公尺)。相對濕度91%。
西港區,2019-11-11T06:00:00+08:00,25,17,64,29,19,29,18,25,18,0,東北風,7,晴時多雲,6,晴時多雲。降雨機率 0%。溫度攝氏19至29度。稍有寒意至舒適。東北風 風速4級(每秒7公尺)。相對濕度64%。
西港區,2019-11-11T18:00:00+08:00,21,17,81,23,19,23,17,22,19,0,偏東風,6,晴時多雲,NONE,晴時多雲。降雨機率 0%。溫度攝氏19至23度。稍有寒意至舒適。偏東風 風速4級(每秒6公尺)。相對濕度81%。
西港區,2019-11-12T06:00:00+08:00,25,18,63,29,19,31,17,26,18,0,東南風,6,晴時多雲,6,晴時多雲。降雨機率 0%。溫度攝氏19至29度。稍有寒意至舒適。東南風 風速4級(每秒6公尺)。相對濕度63%。
西港區,2019-11-12T18:00:00+08:00,21,18,80,24,20,24,19,22,19,0,東北風,5,晴時多雲,NONE,晴時多雲。降雨機率 0%。溫度攝氏20至24度。稍有寒意至舒適。東北風 風速3級(每秒5公尺)。相對濕度80%。
西港區,2019-11-13T06:00:00+08:00,26,19,66,30,20,29,20,26,19,20,西北風,7,晴時多雲,6,晴時多雲。降雨機率 20%。溫度攝氏20至30度。稍有寒意至舒適。西北風 風速4級(每秒7公尺)。相對濕度66%。
西港區,2019-11-13T18:00:00+08:00,22,18,80,25,21,22,19,23,20,0,偏北風,7,晴時多雲,NONE,晴時多雲。降雨機率 0%。溫度攝氏21至25度。舒適。偏北風 風速4級(每秒7公尺)。相對濕度80%。
西港區,2019-11-14T06:00:00+08:00,26,18,63,29,20,28,18,25,20,,偏北風,8,多雲,5,多雲。溫度攝氏20至29度。舒適。偏北風 風速5級(每秒8公尺)。相對濕度63%。
西港區,2019-11-14T18:00:00+08:00,21,16,75,24,20,21,18,22,19,,偏北風,6,多雲,NONE,多雲。溫度攝氏20至24度。稍有寒意至舒適。偏北風 風速4級(每秒6公尺)。相對濕度75%。
西港區,2019-11-15T06:00:00+08:00,26,19,68,30,19,30,18,26,19,,東北風,5,多雲時晴,6,多雲時晴。溫度攝氏19至30度。稍有寒意至舒適。東北風 風速3級(每秒5公尺)。相對濕度68%。
西港區,2019-11-15T18:00:00+08:00,23,19,80,25,21,25,20,23,20,,偏東風,5,晴時多雲,NONE,晴時多雲。溫度攝氏21至25度。舒適。偏東風 風速3級(每秒5公尺)。相對濕度80%。
西港區,2019-11-16T06:00:00+08:00,25,19,69,28,21,27,20,25,20,,西北風,6,晴時多雲,6,晴時多雲。溫度攝氏21至28度。舒適。西北風 風速4級(每秒6公尺)。相對濕度69%。
西港區,2019-11-16T18:00:00+08:00,22,19,83,24,20,23,18,22,20,,偏北風,7,晴時多雲,NONE,晴時多雲。溫度攝氏20至24度。舒適。偏北風 風速4級(每秒7公尺)。相對濕度83%。
西港區,2019-11-17T06:00:00+08:00,26,20,68,30,20,28,18,26,20,,偏北風,8,晴時多雲,6,晴時多雲。溫度攝氏20至30度。舒適。偏北風 風速5級(每秒8公尺)。相對濕度68%。
西港區,2019-11-17T18:00:00+08:00,22,19,83,24,20,23,19,23,20,,偏北風,5,晴時多雲,NONE,晴時多雲。溫度攝氏20至24度。舒適。偏北風 風速3級(每秒5公尺)。相對濕度83%。
七股區,2019-11-11T00:00:00+08:00,20,18,87,20,19,18,18,20,19,0,偏東風,6,晴時多雲,NONE,晴時多雲。降雨機率 0%。溫度攝氏19至20度。稍有寒意至舒適。偏東風 風速4級(每秒6公尺)。相對濕度87%。
七股區,2019-11-11T06:00:00+08:00,24,17,63,28,19,28,18,24,19,0,東北風,7,晴時多雲,6,晴時多雲。降雨機率 0%。溫度攝氏19至28度。稍有寒意至舒適。東北風 風速4級(每秒7公尺)。相對濕度63%。
七股區,2019-11-11T18:00:00+08:00,21,17,81,23,19,22,17,22,19,0,東南風,6,晴時多雲,NONE,晴時多雲。降雨機率 0%。溫度攝氏19至23度。稍有寒意至舒適。東南風 風速4級(每秒6公尺)。相對濕度81%。
七股區,2019-11-12T06:00:00+08:00,24,18,64,28,19,30,17,25,19,0,東南風,6,晴時多雲,6,晴時多雲。降雨機率 0%。溫度攝氏19至28度。稍有寒意至舒適。東南風 風速4級(每秒6公尺)。相對濕度64%。
七股區,2019-11-12T18:00:00+08:00,21,18,78,24,20,23,19,22,19,0,東北風,5,晴時多雲,NONE,晴時多雲。降雨機率 0%。溫度攝氏20至24度。稍有寒意至舒適。東北風 風速3級(每秒5公尺)。相對濕度78%。
七股區,2019-11-13T06:00:00+08:00,25,18,65,28,20,27,19,25,19,20,西北風,8,晴時多雲,6,晴時多雲。降雨機率 20%。溫度攝氏20至28度。稍有寒意至舒適。西北風 風速5級(每秒8公尺)。相對濕度65%。
七股區,2019-11-13T18:00:00+08:00,22,18,78,24,21,21,18,22,20,0,偏北風,8,晴時多雲,NONE,晴時多雲。降雨機率 0%。溫度攝氏21至24度。舒適。偏北風 風速5級(每秒8公尺)。相對濕度78%。
七股區,2019-11-14T06:00:00+08:00,25,17,62,28,20,25,18,24,20,,偏北風,9,多雲,5,多雲。溫度攝氏20至28度。舒適。偏北風 風速5級(每秒9公尺)。相對濕度62%。
七股區,2019-11-14T18:00:00+08:00,21,16,74,23,20,19,18,21,19,,偏北風,7,多雲,NONE,多雲。溫度攝氏20至23度。稍有寒意至舒適。偏北風 風速4級(每秒7公尺)。相對濕度74%。
七股區,2019-11-15T06:00:00+08:00,25,18,68,28,19,28,17,25,19,,西北風,5,多雲時晴,5,多雲時晴。溫度攝氏19至28度。稍有寒意至舒適。西北風 風速3級(每秒5公尺)。相對濕度68%。
七股區,2019-11-15T18:00:00+08:00,22,18,78,24,21,24,20,22,20,,偏東風,5,晴時多雲,NONE,晴時多雲。溫度攝氏21至24度。舒適。偏東風 風速3級(每秒5公尺)。相對濕度78%。
七股區,2019-11-16T06:00:00+08:00,25,19,70,27,21,26,20,24,20,,西北風,7,晴時多雲,6,晴時多雲。溫度攝氏21至27度。舒適。西北風 風速4級(每秒7公尺)。相對濕度70%。
七股區,2019-11-16T18:00:00+08:00,22,18,81,23,21,22,18,22,20,,偏北風,8,晴時多雲,NONE,晴時多雲。溫度攝氏21至23度。舒適。偏北風 風速5級(每秒8公尺)。相對濕度81%。
七股區,2019-11-17T06:00:00+08:00,25,19,69,28,20,26,18,25,20,,偏北風,9,晴時多雲,6,晴時多雲。溫度攝氏20至28度。舒適。偏北風 風速5級(每秒9公尺)。相對濕度69%。
七股區,2019-11-17T18:00:00+08:00,22,19,82,24,20,22,19,22,20,,偏北風,6,晴時多雲,NONE,晴時多雲。溫度攝氏20至24度。舒適。偏北風 風速4級(每秒6公尺)。相對濕度82%。
將軍區,2019-11-11T00:00:00+08:00,19,17,88,20,19,19,18,19,18,0,偏東風,4,晴時多雲,NONE,晴時多雲。降雨機率 0%。溫度攝氏19至20度。稍有寒意。偏東風 風速3級(每秒4公尺)。相對濕度88%。
將軍區,2019-11-11T06:00:00+08:00,24,16,63,27,19,27,18,24,18,0,東北風,7,晴時多雲,6,晴時多雲。降雨機率 0%。溫度攝氏19至27度。稍有寒意至舒適。東北風 風速4級(每秒7公尺)。相對濕度63%。
將軍區,2019-11-11T18:00:00+08:00,20,16,80,22,19,21,17,21,18,0,東南風,6,晴時多雲,NONE,晴時多雲。降雨機率 0%。溫度攝氏19至22度。稍有寒意至舒適。東南風 風速4級(每秒6公尺)。相對濕度80%。
將軍區,2019-11-12T06:00:00+08:00,24,17,63,28,18,30,16,24,18,0,東南風,6,晴時多雲,6,晴時多雲。降雨機率 0%。溫度攝氏18至28度。稍有寒意至舒適。東南風 風速4級(每秒6公尺)。相對濕度63%。
將軍區,2019-11-12T18:00:00+08:00,21,17,78,23,20,22,19,21,19,0,東北風,5,晴時多雲,NONE,晴時多雲。降雨機率 0%。溫度攝氏20至23度。稍有寒意至舒適。東北風 風速3級(每秒5公尺)。相對濕度78%。
將軍區,2019-11-13T06:00:00+08:00,24,18,66,28,19,26,19,25,19,10,西北風,8,晴時多雲,6,晴時多雲。降雨機率 10%。溫度攝氏19至28度。稍有寒意至舒適。西北風 風速5級(每秒8公尺)。相對濕度66%。
將軍區,2019-11-13T18:00:00+08:00,22,18,78,23,20,20,17,22,20,0,偏北風,8,晴時多雲,NONE,晴時多雲。降雨機率 0%。溫度攝氏20至23度。舒適。偏北風 風速5級(每秒8公尺)。相對濕度78%。
將軍區,2019-11-14T06:00:00+08:00,24,16,62,27,20,24,17,24,20,,偏北風,9,多雲,5,多雲。溫度攝氏20至27度。舒適。偏北風 風速5級(每秒9公尺)。相對濕度62%。
將軍區,2019-11-14T18:00:00+08:00,20,15,74,22,19,18,17,20,18,,偏北風,7,多雲,NONE,多雲。溫度攝氏19至22度。稍有寒意至舒適。偏北風 風速4級(每秒7公尺)。相對濕度74%。
將軍區,2019-11-15T06:00:00+08:00,24,17,66,28,19,27,16,24,18,,西北風,6,多雲時晴,6,多雲時晴。溫度攝氏19至28度。稍有寒意至舒適。西北風 風速4級(每秒6公尺)。相對濕度66%。
將軍區,2019-11-15T18:00:00+08:00,22,18,78,23,21,23,19,22,20,,東北風,6,晴時多雲,NONE,晴時多雲。溫度攝氏21至23度。舒適。東北風 風速4級(每秒6公尺)。相對濕度78%。
將軍區,2019-11-16T06:00:00+08:00,24,18,69,27,21,26,19,24,20,,西北風,6,晴時多雲,6,晴時多雲。溫度攝氏21至27度。舒適。西北風 風速4級(每秒6公尺)。相對濕度69%。
將軍區,2019-11-16T18:00:00+08:00,21,18,82,23,20,21,17,22,20,,偏北風,8,晴時多雲,NONE,晴時多雲。溫度攝氏20至23度。舒適。偏北風 風速5級(每秒8公尺)。相對濕度82%。
將軍區,2019-11-17T06:00:00+08:00,25,18,68,28,20,26,17,25,19,,偏北風,9,晴時多雲,6,晴時多雲。溫度攝氏20至28度。稍有寒意至舒適。偏北風 風速5級(每秒9公尺)。相對濕度68%。
將軍區,2019-11-17T18:00:00+08:00,22,18,82,23,20,21,18,22,20,,偏北風,6,晴時多雲,NONE,晴時多雲。溫度攝氏20至23度。舒適。偏北風 風速4級(每秒6公尺)。相對濕度82%。
北門區,2019-11-11T00:00:00+08:00,20,16,79,21,20,21,19,20,19,0,偏東風,3,晴時多雲,NONE,晴時多雲。降雨機率 0%。溫度攝氏20至21度。稍有寒意至舒適。偏東風 風速2級(每秒3公尺)。相對濕度79%。
北門區,2019-11-11T06:00:00+08:00,24,17,66,26,20,28,19,23,19,0,東北風,7,晴時多雲,6,晴時多雲。降雨機率 0%。溫度攝氏20至26度。稍有寒意至舒適。東北風 風速4級(每秒7公尺)。相對濕度66%。
北門區,2019-11-11T18:00:00+08:00,21,18,79,23,20,25,20,21,20,0,東南風,4,晴時多雲,NONE,晴時多雲。降雨機率 0%。溫度攝氏20至23度。舒適。東南風 風速3級(每秒4公尺)。相對濕度79%。
北門區,2019-11-12T06:00:00+08:00,24,18,71,26,20,29,20,24,20,0,偏南風,6,晴時多雲,6,晴時多雲。降雨機率 0%。溫度攝氏20至26度。舒適。偏南風 風速4級(每秒6公尺)。相對濕度71%。
北門區,2019-11-12T18:00:00+08:00,22,17,77,23,21,25,21,22,20,0,偏東風,3,晴時多雲,NONE,晴時多雲。降雨機率 0%。溫度攝氏21至23度。舒適。偏東風 風速2級(每秒3公尺)。相對濕度77%。
北門區,2019-11-13T06:00:00+08:00,24,20,78,26,21,25,20,24,20,0,西北風,9,晴時多雲,6,晴時多雲。降雨機率 0%。溫度攝氏21至26度。舒適。西北風 風速5級(每秒9公尺)。相對濕度78%。
北門區,2019-11-13T18:00:00+08:00,22,17,74,23,22,20,17,22,20,0,偏北風,10,晴時多雲,NONE,晴時多雲。降雨機率 0%。溫度攝氏22至23度。舒適。偏北風 風速5級(每秒10公尺)。相對濕度74%。
北門區,2019-11-14T06:00:00+08:00,24,18,71,25,21,21,18,23,20,,偏北風,>= 11,多雲時晴,5,多雲時晴。溫度攝氏21至25度。舒適。偏北風 風速>= 6級(每秒12公尺)。相對濕度71%。
北門區,2019-11-14T18:00:00+08:00,21,16,76,22,20,17,16,21,19,,偏北風,9,多雲,NONE,多雲。溫度攝氏20至22度。稍有寒意至舒適。偏北風 風速5級(每秒9公尺)。相對濕度76%。
北門區,2019-11-15T06:00:00+08:00,23,18,74,25,20,25,17,24,19,,偏北風,7,多雲時晴,6,多雲時晴。溫度攝氏20至25度。稍有寒意至舒適。偏北風 風速4級(每秒7公尺)。相對濕度74%。
北門區,2019-11-15T18:00:00+08:00,22,18,78,23,21,22,19,22,21,,東北風,7,晴時多雲,NONE,晴時多雲。溫度攝氏21至23度。舒適。東北風 風速4級(每秒7公尺)。相對濕度78%。
北門區,2019-11-16T06:00:00+08:00,24,19,77,25,21,24,19,24,21,,偏北風,7,晴時多雲,6,晴時多雲。溫度攝氏21至25度。舒適。偏北風 風速4級(每秒7公尺)。相對濕度77%。
北門區,2019-11-16T18:00:00+08:00,22,19,82,23,21,21,18,22,21,,偏北風,9,晴時多雲,NONE,晴時多雲。溫度攝氏21至23度。舒適。偏北風 風速5級(每秒9公尺)。相對濕度82%。
北門區,2019-11-17T06:00:00+08:00,24,20,77,26,21,24,18,24,21,,偏北風,9,晴時多雲,6,晴時多雲。溫度攝氏21至26度。舒適。偏北風 風速5級(每秒9公尺)。相對濕度77%。
北門區,2019-11-17T18:00:00+08:00,22,19,82,23,22,20,19,22,21,,偏北風,8,晴時多雲,NONE,晴時多雲。溫度攝氏22至23度。舒適。偏北風 風速5級(每秒8公尺)。相對濕度82%。
新化區,2019-11-11T00:00:00+08:00,19,18,95,20,18,21,18,19,18,0,東北風,3,晴時多雲,NONE,晴時多雲。降雨機率 0%。溫度攝氏18至20度。稍有寒意。東北風 風速2級(每秒3公尺)。相對濕度95%。
新化區,2019-11-11T06:00:00+08:00,25,19,70,29,18,30,18,26,18,0,西北風,5,晴時多雲,6,晴時多雲。降雨機率 0%。溫度攝氏18至29度。稍有寒意至舒適。西北風 風速3級(每秒5公尺)。相對濕度70%。
新化區,2019-11-11T18:00:00+08:00,20,18,89,23,18,24,17,22,18,0,偏東風,4,晴時多雲,NONE,晴時多雲。降雨機率 0%。溫度攝氏18至23度。稍有寒意至舒適。偏東風 風速3級(每秒4公尺)。相對濕度89%。
新化區,2019-11-12T06:00:00+08:00,25,19,69,30,17,30,16,26,17,0,偏西風,4,晴時多雲,6,晴時多雲。降雨機率 0%。溫度攝氏17至30度。稍有寒意至舒適。偏西風 風速3級(每秒4公尺)。相對濕度69%。
新化區,2019-11-12T18:00:00+08:00,21,19,90,24,19,25,20,23,19,0,東北風,3,多雲,NONE,多雲。降雨機率 0%。溫度攝氏19至24度。稍有寒意至舒適。東北風 風速2級(每秒3公尺)。相對濕度90%。
新化區,2019-11-13T06:00:00+08:00,26,20,71,31,19,32,20,27,18,0,西北風,5,晴時多雲,6,晴時多雲。降雨機率 0%。溫度攝氏19至31度。稍有寒意至悶熱。西北風 風速3級(每秒5公尺)。相對濕度71%。
新化區,2019-11-13T18:00:00+08:00,21,19,89,24,19,24,19,23,19,0,偏北風,4,晴時多雲,NONE,晴時多雲。降雨機率 0%。溫度攝氏19至24度。稍有寒意至舒適。偏北風 風速3級(每秒4公尺)。相對濕度89%。
新化區,2019-11-14T06:00:00+08:00,26,19,68,30,19,31,18,26,19,,西北風,5,多雲,5,多雲。溫度攝氏19至30度。稍有寒意至舒適。西北風 風速3級(每秒5公尺)。相對濕度68%。
新化區,2019-11-14T18:00:00+08:00,21,18,86,24,19,24,20,22,19,,偏北風,3,多雲,NONE,多雲。溫度攝氏19至24度。稍有寒意至舒適。偏北風 風速2級(每秒3公尺)。相對濕度86%。
新化區,2019-11-15T06:00:00+08:00,26,20,73,30,19,32,20,27,19,,偏北風,4,晴時多雲,5,晴時多雲。溫度攝氏19至30度。稍有寒意至悶熱。偏北風 風速3級(每秒4公尺)。相對濕度73%。
新化區,2019-11-15T18:00:00+08:00,22,20,90,25,20,26,21,23,20,,東南風,2,晴時多雲,NONE,晴時多雲。溫度攝氏20至25度。舒適。東南風 風速2級(每秒2公尺)。相對濕度90%。
新化區,2019-11-16T06:00:00+08:00,25,20,72,29,20,30,20,26,19,,西北風,4,晴時多雲,6,晴時多雲。溫度攝氏20至29度。稍有寒意至舒適。西北風 風速3級(每秒4公尺)。相對濕度72%。
新化區,2019-11-16T18:00:00+08:00,21,19,90,24,19,24,18,22,19,,偏北風,4,晴時多雲,NONE,晴時多雲。溫度攝氏19至24度。稍有寒意至舒適。偏北風 風速3級(每秒4公尺)。相對濕度90%。
新化區,2019-11-17T06:00:00+08:00,26,20,70,30,19,31,18,26,19,,偏北風,5,晴時多雲,6,晴時多雲。溫度攝氏19至30度。稍有寒意至舒適。偏北風 風速3級(每秒5公尺)。相對濕度70%。
新化區,2019-11-17T18:00:00+08:00,21,19,91,24,19,25,19,23,19,,偏北風,3,晴時多雲,NONE,晴時多雲。溫度攝氏19至24度。稍有寒意至舒適。偏北風 風速2級(每秒3公尺)。相對濕度91%。
善化區,2019-11-11T00:00:00+08:00,19,19,96,20,19,21,19,20,18,0,偏東風,3,晴時多雲,NONE,晴時多雲。降雨機率 0%。溫度攝氏19至20度。稍有寒意至舒適。偏東風 風速2級(每秒3公尺)。相對濕度96%。
善化區,2019-11-11T06:00:00+08:00,25,19,72,29,18,29,19,25,18,0,西北風,6,晴時多雲,6,晴時多雲。降雨機率 0%。溫度攝氏18至29度。稍有寒意至舒適。西北風 風速4級(每秒6公尺)。相對濕度72%。
善化區,2019-11-11T18:00:00+08:00,20,18,89,23,18,24,17,22,18,0,東南風,5,晴時多雲,NONE,晴時多雲。降雨機率 0%。溫度攝氏18至23度。稍有寒意至舒適。東南風 風速3級(每秒5公尺)。相對濕度89%。
善化區,2019-11-12T06:00:00+08:00,25,19,72,29,18,30,17,26,18,0,偏西風,5,晴時多雲,6,晴時多雲。降雨機率 0%。溫度攝氏18至29度。稍有寒意至舒適。偏西風 風速3級(每秒5公尺)。相對濕度72%。
善化區,2019-11-12T18:00:00+08:00,21,19,89,24,19,25,20,22,19,0,西北風,3,多雲,NONE,多雲。降雨機率 0%。溫度攝氏19至24度。稍有寒意至舒適。西北風 風速2級(每秒3公尺)。相對濕度89%。
善化區,2019-11-13T06:00:00+08:00,26,20,73,30,19,30,20,26,19,0,西北風,6,晴時多雲,6,晴時多雲。降雨機率 0%。溫度攝氏19至30度。稍有寒意至舒適。西北風 風速4級(每秒6公尺)。相對濕度73%。
善化區,2019-11-13T18:00:00+08:00,22,20,90,25,20,24,20,23,20,0,偏北風,5,晴時多雲,NONE,晴時多雲。降雨機率 0%。溫度攝氏20至25度。舒適。偏北風 風速3級(每秒5公尺)。相對濕度90%。
善化區,2019-11-14T06:00:00+08:00,26,20,71,30,20,30,20,26,20,,偏北風,6,多雲,5,多雲。溫度攝氏20至30度。舒適。偏北風 風速4級(每秒6公尺)。相對濕度71%。
善化區,2019-11-14T18:00:00+08:00,21,18,85,24,20,22,20,22,19,,偏北風,4,多雲,NONE,多雲。溫度攝氏20至24度。稍有寒意至舒適。偏北風 風速3級(每秒4公尺)。相對濕度85%。
善化區,2019-11-15T06:00:00+08:00,26,21,76,30,19,31,20,26,19,,偏西風,4,多雲時晴,5,多雲時晴。溫度攝氏19至30度。稍有寒意至舒適。偏西風 風速3級(每秒4公尺)。相對濕度76%。
善化區,2019-11-15T18:00:00+08:00,22,20,88,25,21,26,21,23,20,,偏西風,4,晴時多雲,NONE,晴時多雲。溫度攝氏21至25度。舒適。偏西風 風速3級(每秒4公尺)。相對濕度88%。
善化區,2019-11-16T06:00:00+08:00,25,20,76,28,20,28,21,25,20,,西北風,5,晴時多雲,6,晴時多雲。溫度攝氏20至28度。舒適。西北風 風速3級(每秒5公尺)。相對濕度76%。
善化區,2019-11-16T18:00:00+08:00,21,20,92,24,20,24,19,22,20,,偏北風,5,晴時多雲,NONE,晴時多雲。溫度攝氏20至24度。舒適。偏北風 風速3級(每秒5公尺)。相對濕度92%。
善化區,2019-11-17T06:00:00+08:00,26,21,74,30,20,30,19,26,19,,偏北風,6,晴時多雲,6,晴時多雲。溫度攝氏20至30度。稍有寒意至舒適。偏北風 風速4級(每秒6公尺)。相對濕度74%。
善化區,2019-11-17T18:00:00+08:00,22,20,92,24,20,25,20,23,20,,偏北風,4,晴時多雲,NONE,晴時多雲。溫度攝氏20至24度。舒適。偏北風 風速3級(每秒4公尺)。相對濕度92%。
新市區,2019-11-11T00:00:00+08:00,19,18,94,20,18,20,18,19,18,0,東北風,4,晴時多雲,NONE,晴時多雲。降雨機率 0%。溫度攝氏18至20度。稍有寒意。東北風 風速3級(每秒4公尺)。相對濕度94%。
新市區,2019-11-11T06:00:00+08:00,25,18,67,29,18,30,18,26,18,0,偏西風,5,晴時多雲,6,晴時多雲。降雨機率 0%。溫度攝氏18至29度。稍有寒意至舒適。偏西風 風速3級(每秒5公尺)。相對濕度67%。
新市區,2019-11-11T18:00:00+08:00,20,18,86,23,18,24,17,22,18,0,偏東風,5,晴時多雲,NONE,晴時多雲。降雨機率 0%。溫度攝氏18至23度。稍有寒意至舒適。偏東風 風速3級(每秒5公尺)。相對濕度86%。
新市區,2019-11-12T06:00:00+08:00,25,18,66,29,18,30,16,26,18,0,偏西風,5,晴時多雲,6,晴時多雲。降雨機率 0%。溫度攝氏18至29度。稍有寒意至舒適。偏西風 風速3級(每秒5公尺)。相對濕度66%。
新市區,2019-11-12T18:00:00+08:00,21,19,87,24,19,25,20,22,19,0,西北風,4,多雲,NONE,多雲。降雨機率 0%。溫度攝氏19至24度。稍有寒意至舒適。西北風 風速3級(每秒4公尺)。相對濕度87%。
新市區,2019-11-13T06:00:00+08:00,26,19,68,30,19,31,20,26,19,0,西北風,5,晴時多雲,6,晴時多雲。降雨機率 0%。溫度攝氏19至30度。稍有寒意至舒適。西北風 風速3級(每秒5公尺)。相對濕度68%。
新市區,2019-11-13T18:00:00+08:00,22,19,86,25,20,24,20,23,20,0,偏北風,4,晴時多雲,NONE,晴時多雲。降雨機率 0%。溫度攝氏20至25度。舒適。偏北風 風速3級(每秒4公尺)。相對濕度86%。
新市區,2019-11-14T06:00:00+08:00,26,19,66,30,20,30,19,26,19,,偏北風,6,多雲,5,多雲。溫度攝氏20至30度。稍有寒意至舒適。偏北風 風速4級(每秒6公尺)。相對濕度66%。
新市區,2019-11-14T18:00:00+08:00,21,18,82,24,19,23,20,22,19,,偏北風,4,多雲,NONE,多雲。溫度攝氏19至24度。稍有寒意至舒適。偏北風 風速3級(每秒4公尺)。相對濕度82%。
新市區,2019-11-15T06:00:00+08:00,26,20,71,30,19,31,19,26,19,,偏西風,4,多雲時晴,5,多雲時晴。溫度攝氏19至30度。稍有寒意至舒適。偏西風 風速3級(每秒4公尺)。相對濕度71%。
新市區,2019-11-15T18:00:00+08:00,22,20,86,25,20,26,21,23,20,,東南風,3,晴時多雲,NONE,晴時多雲。溫度攝氏20至25度。舒適。東南風 風速2級(每秒3公尺)。相對濕度86%。
新市區,2019-11-16T06:00:00+08:00,25,19,71,29,20,29,21,25,20,,西北風,5,晴時多雲,6,晴時多雲。溫度攝氏20至29度。舒適。西北風 風速3級(每秒5公尺)。相對濕度71%。
新市區,2019-11-16T18:00:00+08:00,21,19,88,24,20,24,19,22,19,,偏北風,5,晴時多雲,NONE,晴時多雲。溫度攝氏20至24度。稍有寒意至舒適。偏北風 風速3級(每秒5公尺)。相對濕度88%。
新市區,2019-11-17T06:00:00+08:00,26,20,69,30,20,30,18,26,19,,偏北風,6,晴時多雲,6,晴時多雲。溫度攝氏20至30度。稍有寒意至舒適。偏北風 風速4級(每秒6公尺)。相對濕度69%。
新市區,2019-11-17T18:00:00+08:00,21,19,88,24,20,25,19,23,19,,偏北風,4,晴時多雲,NONE,晴時多雲。溫度攝氏20至24度。稍有寒意至舒適。偏北風 風速3級(每秒4公尺)。相對濕度88%。
安定區,2019-11-11T00:00:00+08:00,20,18,92,20,19,20,19,20,19,0,偏東風,4,晴時多雲,NONE,晴時多雲。降雨機率 0%。溫度攝氏19至20度。稍有寒意至舒適。偏東風 風速3級(每秒4公尺)。相對濕度92%。
安定區,2019-11-11T06:00:00+08:00,25,18,68,28,19,29,19,25,19,0,偏北風,7,晴時多雲,6,晴時多雲。降雨機率 0%。溫度攝氏19至28度。稍有寒意至舒適。偏北風 風速4級(每秒7公尺)。相對濕度68%。
安定區,2019-11-11T18:00:00+08:00,20,18,83,23,19,24,17,22,18,0,東南風,5,晴時多雲,NONE,晴時多雲。降雨機率 0%。溫度攝氏19至23度。稍有寒意至舒適。東南風 風速3級(每秒5公尺)。相對濕度83%。
安定區,2019-11-12T06:00:00+08:00,25,18,67,29,19,31,17,26,18,0,東南風,5,晴時多雲,6,晴時多雲。降雨機率 0%。溫度攝氏19至29度。稍有寒意至舒適。東南風 風速3級(每秒5公尺)。相對濕度67%。
安定區,2019-11-12T18:00:00+08:00,21,18,83,24,20,25,19,22,19,0,東北風,4,多雲,NONE,多雲。降雨機率 0%。溫度攝氏20至24度。稍有寒意至舒適。東北風 風速3級(每秒4公尺)。相對濕度83%。
安定區,2019-11-13T06:00:00+08:00,26,19,69,30,20,30,20,26,19,0,偏北風,7,晴時多雲,6,晴時多雲。降雨機率 0%。溫度攝氏20至30度。稍有寒意至舒適。偏北風 風速4級(每秒7公尺)。相對濕度69%。
安定區,2019-11-13T18:00:00+08:00,22,19,83,25,21,23,20,23,20,0,偏北風,5,晴時多雲,NONE,晴時多雲。降雨機率 0%。溫度攝氏21至25度。舒適。偏北風 風速3級(每秒5公尺)。相對濕度83%。
安定區,2019-11-14T06:00:00+08:00,26,19,67,29,20,29,19,26,20,,偏北風,7,多雲,5,多雲。溫度攝氏20至29度。舒適。偏北風 風速4級(每秒7公尺)。相對濕度67%。
安定區,2019-11-14T18:00:00+08:00,21,17,78,24,20,22,19,22,19,,偏北風,5,多雲,NONE,多雲。溫度攝氏20至24度。稍有寒意至舒適。偏北風 風速3級(每秒5公尺)。相對濕度78%。
安定區,2019-11-15T06:00:00+08:00,26,20,72,30,19,30,19,26,19,,偏西風,5,多雲時晴,5,多雲時晴。溫度攝氏19至30度。稍有寒意至舒適。偏西風 風速3級(每秒5公尺)。相對濕度72%。
安定區,2019-11-15T18:00:00+08:00,23,19,82,25,21,26,21,23,21,,偏西風,4,晴時多雲,NONE,晴時多雲。溫度攝氏21至25度。舒適。偏西風 風速3級(每秒4公尺)。相對濕度82%。
安定區,2019-11-16T06:00:00+08:00,25,19,71,28,21,28,21,25,20,,西北風,6,晴時多雲,6,晴時多雲。溫度攝氏21至28度。舒適。西北風 風速4級(每秒6公尺)。相對濕度71%。
安定區,2019-11-16T18:00:00+08:00,21,19,85,24,20,23,19,22,20,,偏北風,6,晴時多雲,NONE,晴時多雲。溫度攝氏20至24度。舒適。偏北風 風速4級(每秒6公尺)。相對濕度85%。
安定區,2019-11-17T06:00:00+08:00,26,20,71,29,20,29,18,26,20,,偏北風,7,晴時多雲,6,晴時多雲。溫度攝氏20至29度。舒適。偏北風 風速4級(每秒7公尺)。相對濕度71%。
安定區,2019-11-17T18:00:00+08:00,22,19,85,24,20,24,19,23,20,,偏北風,5,晴時多雲,NONE,晴時多雲。溫度攝氏20至24度。舒適。偏北風 風速3級(每秒5公尺)。相對濕度85%。
山上區,2019-11-11T00:00:00+08:00,19,19,99,20,19,21,18,20,19,0,偏東風,5,晴時多雲,NONE,晴時多雲。降雨機率 0%。溫度攝氏19至20度。稍有寒意至舒適。偏東風 風速3級(每秒5公尺)。相對濕度99%。
山上區,2019-11-11T06:00:00+08:00,25,20,72,29,18,30,18,25,18,0,偏西風,4,晴時多雲,6,晴時多雲。降雨機率 0%。溫度攝氏18至29度。稍有寒意至舒適。偏西風 風速3級(每秒4公尺)。相對濕度72%。
山上區,2019-11-11T18:00:00+08:00,20,19,94,23,18,24,17,22,18,0,偏東風,5,晴時多雲,NONE,晴時多雲。降雨機率 0%。溫度攝氏18至23度。稍有寒意至舒適。偏東風 風速3級(每秒5公尺)。相對濕度94%。
山上區,2019-11-12T06:00:00+08:00,25,20,73,29,18,30,17,26,18,0,偏西風,4,晴時多雲,6,晴時多雲。降雨機率 0%。溫度攝氏18至29度。稍有寒意至舒適。偏西風 風速3級(每秒4公尺)。相對濕度73%。
山上區,2019-11-12T18:00:00+08:00,21,20,93,24,19,25,20,22,19,0,偏東風,3,多雲,NONE,多雲。降雨機率 0%。溫度攝氏19至24度。稍有寒意至舒適。偏東風 風速2級(每秒3公尺)。相對濕度93%。
山上區,2019-11-13T06:00:00+08:00,26,20,72,30,19,31,20,26,19,0,西北風,4,晴時多雲,6,晴時多雲。降雨機率 0%。溫度攝氏19至30度。稍有寒意至舒適。西北風 風速3級(每秒4公尺)。相對濕度72%。
山上區,2019-11-13T18:00:00+08:00,22,19,89,24,20,24,21,22,20,0,偏北風,3,晴時多雲,NONE,晴時多雲。降雨機率 0%。溫度攝氏20至24度。舒適。偏北風 風速2級(每秒3公尺)。相對濕度89%。
山上區,2019-11-14T06:00:00+08:00,26,20,74,30,20,31,20,26,20,,西北風,4,多雲,5,多雲。溫度攝氏20至30度。舒適。西北風 風速3級(每秒4公尺)。相對濕度74%。
山上區,2019-11-14T18:00:00+08:00,22,19,88,24,20,24,21,22,20,,偏北風,3,多雲,NONE,多雲。溫度攝氏20至24度。舒適。偏北風 風速2級(每秒3公尺)。相對濕度88%。
山上區,2019-11-15T06:00:00+08:00,26,21,77,30,20,31,21,26,20,,偏西風,3,晴時多雲,5,晴時多雲。溫度攝氏20至30度。舒適。偏西風 風速2級(每秒3公尺)。相對濕度77%。
山上區,2019-11-15T18:00:00+08:00,22,21,93,25,20,26,22,23,20,,東南風,3,晴時多雲,NONE,晴時多雲。溫度攝氏20至25度。舒適。東南風 風速2級(每秒3公尺)。相對濕度93%。
山上區,2019-11-16T06:00:00+08:00,25,20,76,29,20,30,22,26,20,,西北風,4,晴時多雲,6,晴時多雲。溫度攝氏20至29度。舒適。西北風 風速3級(每秒4公尺)。相對濕度76%。
山上區,2019-11-16T18:00:00+08:00,21,20,94,24,20,24,20,22,19,,偏北風,4,晴時多雲,NONE,晴時多雲。溫度攝氏20至24度。稍有寒意至舒適。偏北風 風速3級(每秒4公尺)。相對濕度94%。
山上區,2019-11-17T06:00:00+08:00,26,21,74,30,19,31,19,26,19,,偏北風,4,晴時多雲,6,晴時多雲。溫度攝氏19至30度。稍有寒意至舒適。偏北風 風速3級(每秒4公尺)。相對濕度74%。
山上區,2019-11-17T18:00:00+08:00,21,20,95,24,20,26,20,23,19,,偏北風,3,晴時多雲,NONE,晴時多雲。溫度攝氏20至24度。稍有寒意至舒適。偏北風 風速2級(每秒3公尺)。相對濕度95%。
玉井區,2019-11-11T00:00:00+08:00,18,18,100,19,18,21,19,19,18,0,東北風,2,晴時多雲,NONE,晴時多雲。降雨機率 0%。溫度攝氏18至19度。稍有寒意。東北風 風速2級(每秒2公尺)。相對濕度100%。
玉井區,2019-11-11T06:00:00+08:00,25,20,74,30,18,32,19,26,18,0,偏西風,2,晴時多雲,6,晴時多雲。降雨機率 0%。溫度攝氏18至30度。稍有寒意至舒適。偏西風 風速2級(每秒2公尺)。相對濕度74%。
玉井區,2019-11-11T18:00:00+08:00,19,18,95,23,17,24,18,22,17,0,東北風,2,晴時多雲,NONE,晴時多雲。降雨機率 0%。溫度攝氏17至23度。稍有寒意至舒適。東北風 風速2級(每秒2公尺)。相對濕度95%。
玉井區,2019-11-12T06:00:00+08:00,26,21,77,30,17,33,18,27,17,0,偏西風,2,多雲時晴,6,多雲時晴。降雨機率 0%。溫度攝氏17至30度。稍有寒意至悶熱。偏西風 風速2級(每秒2公尺)。相對濕度77%。
玉井區,2019-11-12T18:00:00+08:00,20,19,96,23,18,25,19,22,18,0,東北風,1,多雲,NONE,多雲。降雨機率 0%。溫度攝氏18至23度。稍有寒意至舒適。東北風 風速<= 1級(每秒1公尺)。相對濕度96%。
玉井區,2019-11-13T06:00:00+08:00,26,21,76,31,18,33,19,27,18,0,西北風,2,晴時多雲,6,晴時多雲。降雨機率 0%。溫度攝氏18至31度。稍有寒意至悶熱。西北風 風速2級(每秒2公尺)。相對濕度76%。
玉井區,2019-11-13T18:00:00+08:00,21,20,95,24,19,25,20,23,19,0,偏北風,2,晴時多雲,NONE,晴時多雲。降雨機率 0%。溫度攝氏19至24度。稍有寒意至舒適。偏北風 風速2級(每秒2公尺)。相對濕度95%。
玉井區,2019-11-14T06:00:00+08:00,26,22,81,30,18,34,20,28,18,,偏西風,2,多雲,5,多雲。溫度攝氏18至30度。稍有寒意至悶熱。偏西風 風速2級(每秒2公尺)。相對濕度81%。
玉井區,2019-11-14T18:00:00+08:00,21,20,94,24,19,26,21,23,19,,偏北風,1,多雲,NONE,多雲。溫度攝氏19至24度。稍有寒意至舒適。偏北風 風速<= 1級(每秒1公尺)。相對濕度94%。
玉井區,2019-11-15T06:00:00+08:00,26,22,80,30,19,34,21,28,19,,偏西風,1,晴時多雲,6,晴時多雲。溫度攝氏19至30度。稍有寒意至悶熱。偏西風 風速<= 1級(每秒1公尺)。相對濕度80%。
玉井區,2019-11-15T18:00:00+08:00,21,20,96,24,19,26,21,23,19,,偏東風,2,晴時多雲,NONE,晴時多雲。溫度攝氏19至24度。稍有寒意至舒適。偏東風 風速2級(每秒2公尺)。相對濕度96%。
玉井區,2019-11-16T06:00:00+08:00,26,22,79,30,19,33,21,27,19,,偏東風,2,晴時多雲,6,晴時多雲。溫度攝氏19至30度。稍有寒意至悶熱。偏東風 風速2級(每秒2公尺)。相對濕度79%。
玉井區,2019-11-16T18:00:00+08:00,20,19,96,23,18,25,19,22,18,,東北風,2,晴時多雲,NONE,晴時多雲。溫度攝氏18至23度。稍有寒意至舒適。東北風 風速2級(每秒2公尺)。相對濕度96%。
玉井區,2019-11-17T06:00:00+08:00,26,22,79,31,18,34,19,28,18,,偏北風,2,晴時多雲,6,晴時多雲。溫度攝氏18至31度。稍有寒意至悶熱。偏北風 風速2級(每秒2公尺)。相對濕度79%。
玉井區,2019-11-17T18:00:00+08:00,19,18,95,23,17,25,18,22,17,,偏北風,1,晴時多雲,NONE,晴時多雲。溫度攝氏17至23度。稍有寒意至舒適。偏北風 風速<= 1級(每秒1公尺)。相對濕度95%。
楠西區,2019-11-11T00:00:00+08:00,18,18,99,19,18,21,19,19,18,0,東北風,1,晴時多雲,NONE,晴時多雲。降雨機率 0%。溫度攝氏18至19度。稍有寒意。東北風 風速<= 1級(每秒1公尺)。相對濕度99%。
楠西區,2019-11-11T06:00:00+08:00,25,20,76,29,18,31,19,26,18,0,偏西風,2,晴時多雲,6,晴時多雲。降雨機率 0%。溫度攝氏18至29度。稍有寒意至舒適。偏西風 風速2級(每秒2公尺)。相對濕度76%。
楠西區,2019-11-11T18:00:00+08:00,19,18,96,22,18,24,18,21,18,0,東北風,3,晴時多雲,NONE,晴時多雲。降雨機率 0%。溫度攝氏18至22度。稍有寒意至舒適。東北風 風速2級(每秒3公尺)。相對濕度96%。
楠西區,2019-11-12T06:00:00+08:00,25,21,79,30,17,33,18,27,17,0,偏西風,2,多雲時晴,6,多雲時晴。降雨機率 0%。溫度攝氏17至30度。稍有寒意至悶熱。偏西風 風速2級(每秒2公尺)。相對濕度79%。
楠西區,2019-11-12T18:00:00+08:00,20,19,97,22,18,25,19,22,18,0,東北風,1,多雲,NONE,多雲。降雨機率 0%。溫度攝氏18至22度。稍有寒意至舒適。東北風 風速<= 1級(每秒1公尺)。相對濕度97%。
楠西區,2019-11-13T06:00:00+08:00,26,21,80,30,18,33,19,27,18,0,西北風,2,晴時多雲,6,晴時多雲。降雨機率 0%。溫度攝氏18至30度。稍有寒意至悶熱。西北風 風速2級(每秒2公尺)。相對濕度80%。
楠西區,2019-11-13T18:00:00+08:00,21,20,97,23,19,25,21,22,19,0,東北風,2,多雲時晴,NONE,多雲時晴。降雨機率 0%。溫度攝氏19至23度。稍有寒意至舒適。東北風 風速2級(每秒2公尺)。相對濕度97%。
楠西區,2019-11-14T06:00:00+08:00,25,22,83,29,19,32,20,27,19,,偏西風,2,多雲,5,多雲。溫度攝氏19至29度。稍有寒意至悶熱。偏西風 風速2級(每秒2公尺)。相對濕度83%。
楠西區,2019-11-14T18:00:00+08:00,21,20,97,23,19,26,21,22,19,,偏北風,1,多雲,NONE,多雲。溫度攝氏19至23度。稍有寒意至舒適。偏北風 風速<= 1級(每秒1公尺)。相對濕度97%。
楠西區,2019-11-15T06:00:00+08:00,26,22,82,29,19,33,21,27,19,,西南風,1,晴時多雲,6,晴時多雲。溫度攝氏19至29度。稍有寒意至悶熱。西南風 風速<= 1級(每秒1公尺)。相對濕度82%。
楠西區,2019-11-15T18:00:00+08:00,21,21,98,23,20,26,22,23,20,,東南風,1,晴時多雲,NONE,晴時多雲。溫度攝氏20至23度。舒適。東南風 風速<= 1級(每秒1公尺)。相對濕度98%。
楠西區,2019-11-16T06:00:00+08:00,26,22,82,29,19,33,21,27,19,,偏東風,1,晴時多雲,6,晴時多雲。溫度攝氏19至29度。稍有寒意至悶熱。偏東風 風速<= 1級(每秒1公尺)。相對濕度82%。
楠西區,2019-11-16T18:00:00+08:00,20,20,98,23,18,25,20,22,18,,東北風,2,晴時多雲,NONE,晴時多雲。溫度攝氏18至23度。稍有寒意至舒適。東北風 風速2級(每秒2公尺)。相對濕度98%。
楠西區,2019-11-17T06:00:00+08:00,26,22,81,30,18,33,19,27,18,,偏北風,2,晴時多雲,6,晴時多雲。溫度攝氏18至30度。稍有寒意至悶熱。偏北風 風速2級(每秒2公尺)。相對濕度81%。
楠西區,2019-11-17T18:00:00+08:00,19,18,97,22,17,24,18,22,17,,東北風,1,晴時多雲,NONE,晴時多雲。溫度攝氏17至22度。稍有寒意至舒適。東北風 風速<= 1級(每秒1公尺)。相對濕度97%。
南化區,2019-11-11T00:00:00+08:00,17,16,92,18,17,19,17,18,16,0,東南風,2,晴時多雲,NONE,晴時多雲。降雨機率 0%。溫度攝氏17至18度。稍有寒意。東南風 風速2級(每秒2公尺)。相對濕度92%。
南化區,2019-11-11T06:00:00+08:00,24,16,66,28,16,29,17,24,16,0,偏西風,2,晴時多雲,6,晴時多雲。降雨機率 0%。溫度攝氏16至28度。稍有寒意至舒適。偏西風 風速2級(每秒2公尺)。相對濕度66%。
南化區,2019-11-11T18:00:00+08:00,18,16,92,21,16,22,16,20,16,0,偏東風,2,晴時多雲,NONE,晴時多雲。降雨機率 0%。溫度攝氏16至21度。稍有寒意至舒適。偏東風 風速2級(每秒2公尺)。相對濕度92%。
南化區,2019-11-12T06:00:00+08:00,24,18,69,28,16,30,16,25,16,0,偏西風,2,多雲時晴,6,多雲時晴。降雨機率 0%。溫度攝氏16至28度。稍有寒意至舒適。偏西風 風速2級(每秒2公尺)。相對濕度69%。
南化區,2019-11-12T18:00:00+08:00,19,17,91,22,17,23,18,20,17,0,偏東風,1,多雲,NONE,多雲。降雨機率 0%。溫度攝氏17至22度。稍有寒意至舒適。偏東風 風速<= 1級(每秒1公尺)。相對濕度91%。
南化區,2019-11-13T06:00:00+08:00,24,17,66,29,17,30,18,25,17,0,西北風,2,晴時多雲,6,晴時多雲。降雨機率 0%。溫度攝氏17至29度。稍有寒意至舒適。西北風 風速2級(每秒2公尺)。相對濕度66%。
南化區,2019-11-13T18:00:00+08:00,19,18,92,22,18,24,19,21,18,0,東北風,1,多雲時晴,NONE,多雲時晴。降雨機率 0%。溫度攝氏18至22度。稍有寒意至舒適。東北風 風速<= 1級(每秒1公尺)。相對濕度92%。
南化區,2019-11-14T06:00:00+08:00,25,20,76,28,18,31,19,26,17,,西南風,2,多雲,5,多雲。溫度攝氏18至28度。稍有寒意至舒適。西南風 風速2級(每秒2公尺)。相對濕度76%。
南化區,2019-11-14T18:00:00+08:00,19,18,92,22,18,24,19,21,18,,偏北風,1,多雲,NONE,多雲。溫度攝氏18至22度。稍有寒意至舒適。偏北風 風速<= 1級(每秒1公尺)。相對濕度92%。
南化區,2019-11-15T06:00:00+08:00,24,19,75,28,18,31,19,25,18,,偏西風,1,晴時多雲,6,晴時多雲。溫度攝氏18至28度。稍有寒意至舒適。偏西風 風速<= 1級(每秒1公尺)。相對濕度75%。
南化區,2019-11-15T18:00:00+08:00,20,18,91,22,18,24,19,21,18,,東南風,1,晴時多雲,NONE,晴時多雲。溫度攝氏18至22度。稍有寒意至舒適。東南風 風速<= 1級(每秒1公尺)。相對濕度91%。
南化區,2019-11-16T06:00:00+08:00,24,19,76,28,18,30,19,25,18,,偏北風,1,晴時多雲,6,晴時多雲。溫度攝氏18至28度。稍有寒意至舒適。偏北風 風速<= 1級(每秒1公尺)。相對濕度76%。
南化區,2019-11-16T18:00:00+08:00,19,17,90,21,17,23,18,20,17,,東北風,1,晴時多雲,NONE,晴時多雲。溫度攝氏17至21度。稍有寒意至舒適。東北風 風速<= 1級(每秒1公尺)。相對濕度90%。
南化區,2019-11-17T06:00:00+08:00,24,19,72,29,17,32,18,26,17,,偏北風,1,晴時多雲,6,晴時多雲。溫度攝氏17至29度。稍有寒意至舒適。偏北風 風速<= 1級(每秒1公尺)。相對濕度72%。
南化區,2019-11-17T18:00:00+08:00,18,15,86,21,16,23,16,20,16,,偏北風,1,晴時多雲,NONE,晴時多雲。溫度攝氏16至21度。稍有寒意至舒適。偏北風 風速<= 1級(每秒1公尺)。相對濕度86%。
左鎮區,2019-11-11T00:00:00+08:00,18,18,96,19,18,20,18,19,18,0,偏東風,3,晴時多雲,NONE,晴時多雲。降雨機率 0%。溫度攝氏18至19度。稍有寒意。偏東風 風速2級(每秒3公尺)。相對濕度96%。
左鎮區,2019-11-11T06:00:00+08:00,24,19,73,28,18,29,18,25,18,0,西北風,3,晴時多雲,6,晴時多雲。降雨機率 0%。溫度攝氏18至28度。稍有寒意至舒適。西北風 風速2級(每秒3公尺)。相對濕度73%。
左鎮區,2019-11-11T18:00:00+08:00,19,18,92,22,17,23,18,21,17,0,偏東風,3,晴時多雲,NONE,晴時多雲。降雨機率 0%。溫度攝氏17至22度。稍有寒意至舒適。偏東風 風速2級(每秒3公尺)。相對濕度92%。
左鎮區,2019-11-12T06:00:00+08:00,25,20,74,29,17,31,17,26,17,0,偏西風,3,多雲時晴,6,多雲時晴。降雨機率 0%。溫度攝氏17至29度。稍有寒意至舒適。偏西風 風速2級(每秒3公尺)。相對濕度74%。
左鎮區,2019-11-12T18:00:00+08:00,20,19,92,23,18,24,20,22,18,0,偏東風,2,多雲,NONE,多雲。降雨機率 0%。溫度攝氏18至23度。稍有寒意至舒適。偏東風 風速2級(每秒2公尺)。相對濕度92%。
左鎮區,2019-11-13T06:00:00+08:00,25,19,72,29,18,30,19,26,18,0,西北風,3,晴時多雲,6,晴時多雲。降雨機率 0%。溫度攝氏18至29度。稍有寒意至舒適。西北風 風速2級(每秒3公尺)。相對濕度72%。
左鎮區,2019-11-13T18:00:00+08:00,20,19,91,23,19,24,20,22,19,0,偏北風,2,晴時多雲,NONE,晴時多雲。降雨機率 0%。溫度攝氏19至23度。稍有寒意至舒適。偏北風 風速2級(每秒2公尺)。相對濕度91%。
左鎮區,2019-11-14T06:00:00+08:00,25,20,76,29,19,31,20,26,19,,偏西風,3,多雲,5,多雲。溫度攝氏19至29度。稍有寒意至舒適。偏西風 風速2級(每秒3公尺)。相對濕度76%。
左鎮區,2019-11-14T18:00:00+08:00,21,18,85,24,19,24,21,22,19,,偏北風,2,多雲,NONE,多雲。溫度攝氏19至24度。稍有寒意至舒適。偏北風 風速2級(每秒2公尺)。相對濕度85%。
左鎮區,2019-11-15T06:00:00+08:00,25,21,78,29,19,32,21,26,19,,偏西風,2,晴時多雲,5,晴時多雲。溫度攝氏19至29度。稍有寒意至舒適。偏西風 風速2級(每秒2公尺)。相對濕度78%。
左鎮區,2019-11-15T18:00:00+08:00,21,20,92,24,20,25,21,22,20,,西南風,2,晴時多雲,NONE,晴時多雲。溫度攝氏20至24度。舒適。西南風 風速2級(每秒2公尺)。相對濕度92%。
左鎮區,2019-11-16T06:00:00+08:00,25,20,78,28,19,30,21,25,19,,西北風,2,晴時多雲,6,晴時多雲。溫度攝氏19至28度。稍有寒意至舒適。西北風 風速2級(每秒2公尺)。相對濕度78%。
左鎮區,2019-11-16T18:00:00+08:00,20,19,92,23,19,24,20,22,19,,偏北風,2,晴時多雲,NONE,晴時多雲。溫度攝氏19至23度。稍有寒意至舒適。偏北風 風速2級(每秒2公尺)。相對濕度92%。
左鎮區,2019-11-17T06:00:00+08:00,25,20,76,29,18,31,19,26,18,,偏北風,2,晴時多雲,6,晴時多雲。溫度攝氏18至29度。稍有寒意至舒適。偏北風 風速2級(每秒2公尺)。相對濕度76%。
左鎮區,2019-11-17T18:00:00+08:00,20,18,91,23,18,24,19,22,18,,偏北風,2,晴時多雲,NONE,晴時多雲。溫度攝氏18至23度。稍有寒意至舒適。偏北風 風速2級(每秒2公尺)。相對濕度91%。
仁德區,2019-11-11T00:00:00+08:00,21,18,84,21,20,22,21,20,20,0,東北風,3,晴時多雲,NONE,晴時多雲。降雨機率 0%。溫度攝氏20至21度。舒適。東北風 風速2級(每秒3公尺)。相對濕度84%。
仁德區,2019-11-11T06:00:00+08:00,25,18,64,28,20,28,20,25,19,0,偏北風,6,晴時多雲,5,晴時多雲。降雨機率 0%。溫度攝氏20至28度。稍有寒意至舒適。偏北風 風速4級(每秒6公尺)。相對濕度64%。
仁德區,2019-11-11T18:00:00+08:00,21,17,77,24,20,24,20,22,19,0,偏東風,3,晴時多雲,NONE,晴時多雲。降雨機率 0%。溫度攝氏20至24度。稍有寒意至舒適。偏東風 風速2級(每秒3公尺)。相對濕度77%。
仁德區,2019-11-12T06:00:00+08:00,25,18,63,28,20,30,19,25,19,0,西北風,5,晴時多雲,6,晴時多雲。降雨機率 0%。溫度攝氏20至28度。稍有寒意至舒適。西北風 風速3級(每秒5公尺)。相對濕度63%。
仁德區,2019-11-12T18:00:00+08:00,22,18,78,25,21,25,21,23,20,0,東北風,4,多雲,NONE,多雲。降雨機率 0%。溫度攝氏21至25度。舒適。東北風 風速3級(每秒4公尺)。相對濕度78%。
仁德區,2019-11-13T06:00:00+08:00,26,18,65,29,20,29,22,26,20,0,西北風,5,晴時多雲,6,晴時多雲。降雨機率 0%。溫度攝氏20至29度。舒適。西北風 風速3級(每秒5公尺)。相對濕度65%。
仁德區,2019-11-13T18:00:00+08:00,22,17,75,25,20,24,20,22,20,0,偏北風,4,晴時多雲,NONE,晴時多雲。降雨機率 0%。溫度攝氏20至25度。舒適。偏北風 風速3級(每秒4公尺)。相對濕度75%。
仁德區,2019-11-14T06:00:00+08:00,26,17,61,29,20,29,19,25,19,,偏北風,6,多雲,5,多雲。溫度攝氏20至29度。稍有寒意至舒適。偏北風 風速4級(每秒6公尺)。相對濕度61%。
仁德區,2019-11-14T18:00:00+08:00,22,17,71,25,21,23,21,22,20,,偏北風,4,多雲,NONE,多雲。溫度攝氏21至25度。舒適。偏北風 風速3級(每秒4公尺)。相對濕度71%。
仁德區,2019-11-15T06:00:00+08:00,26,19,67,29,20,30,20,26,20,,偏西風,4,晴時多雲,5,晴時多雲。溫度攝氏20至29度。舒適。偏西風 風速3級(每秒4公尺)。相對濕度67%。
仁德區,2019-11-15T18:00:00+08:00,23,19,77,26,22,26,22,23,21,,西南風,3,晴時多雲,NONE,晴時多雲。溫度攝氏22至26度。舒適。西南風 風速2級(每秒3公尺)。相對濕度77%。
仁德區,2019-11-16T06:00:00+08:00,25,18,66,28,21,28,22,25,21,,西北風,5,晴時多雲,5,晴時多雲。溫度攝氏21至28度。舒適。西北風 風速3級(每秒5公尺)。相對濕度66%。
仁德區,2019-11-16T18:00:00+08:00,22,18,77,24,21,24,19,23,20,,偏北風,6,晴時多雲,NONE,晴時多雲。溫度攝氏21至24度。舒適。偏北風 風速4級(每秒6公尺)。相對濕度77%。
仁德區,2019-11-17T06:00:00+08:00,26,19,66,29,21,29,19,26,20,,偏北風,7,晴時多雲,6,晴時多雲。溫度攝氏21至29度。舒適。偏北風 風速4級(每秒7公尺)。相對濕度66%。
仁德區,2019-11-17T18:00:00+08:00,22,19,79,25,21,25,20,23,20,,偏北風,4,晴時多雲,NONE,晴時多雲。溫度攝氏21至25度。舒適。偏北風 風速3級(每秒4公尺)。相對濕度79%。
歸仁區,2019-11-11T00:00:00+08:00,20,18,90,21,19,22,20,20,19,0,偏東風,3,晴時多雲,NONE,晴時多雲。降雨機率 0%。溫度攝氏19至21度。稍有寒意至舒適。偏東風 風速2級(每秒3公尺)。相對濕度90%。
歸仁區,2019-11-11T06:00:00+08:00,25,18,66,29,19,29,19,25,19,0,西北風,4,晴時多雲,5,晴時多雲。降雨機率 0%。溫度攝氏19至29度。稍有寒意至舒適。西北風 風速3級(每秒4公尺)。相對濕度66%。
歸仁區,2019-11-11T18:00:00+08:00,21,18,83,24,19,24,19,22,19,0,偏東風,3,晴時多雲,NONE,晴時多雲。降雨機率 0%。溫度攝氏19至24度。稍有寒意至舒適。偏東風 風速2級(每秒3公尺)。相對濕度83%。
歸仁區,2019-11-12T06:00:00+08:00,25,18,66,29,19,30,19,26,18,0,偏西風,4,晴時多雲,6,晴時多雲。降雨機率 0%。溫度攝氏19至29度。稍有寒意至舒適。偏西風 風速3級(每秒4公尺)。相對濕度66%。
歸仁區,2019-11-12T18:00:00+08:00,22,19,84,25,20,26,21,23,20,0,偏東風,3,多雲,NONE,多雲。降雨機率 0%。溫度攝氏20至25度。舒適。偏東風 風速2級(每秒3公尺)。相對濕度84%。
歸仁區,2019-11-13T06:00:00+08:00,26,20,68,30,20,31,22,26,20,0,西北風,5,晴時多雲,6,晴時多雲。降雨機率 0%。溫度攝氏20至30度。舒適。西北風 風速3級(每秒5公尺)。相對濕度68%。
歸仁區,2019-11-13T18:00:00+08:00,22,18,81,25,20,24,20,23,20,0,偏北風,4,晴時多雲,NONE,晴時多雲。降雨機率 0%。溫度攝氏20至25度。舒適。偏北風 風速3級(每秒4公尺)。相對濕度81%。
歸仁區,2019-11-14T06:00:00+08:00,26,18,65,30,20,30,20,26,19,,偏西風,5,多雲,5,多雲。溫度攝氏20至30度。稍有寒意至舒適。偏西風 風速3級(每秒5公尺)。相對濕度65%。
歸仁區,2019-11-14T18:00:00+08:00,22,18,76,25,20,24,21,22,20,,偏北風,3,多雲,NONE,多雲。溫度攝氏20至25度。舒適。偏北風 風速2級(每秒3公尺)。相對濕度76%。
歸仁區,2019-11-15T06:00:00+08:00,26,20,70,30,20,30,21,26,20,,偏西風,4,晴時多雲,5,晴時多雲。溫度攝氏20至30度。舒適。偏西風 風速3級(每秒4公尺)。相對濕度70%。
歸仁區,2019-11-15T18:00:00+08:00,23,20,83,25,21,26,22,23,21,,西南風,3,晴時多雲,NONE,晴時多雲。溫度攝氏21至25度。舒適。西南風 風速2級(每秒3公尺)。相對濕度83%。
歸仁區,2019-11-16T06:00:00+08:00,26,19,68,28,21,29,22,25,20,,西北風,4,晴時多雲,6,晴時多雲。溫度攝氏21至28度。舒適。西北風 風速3級(每秒4公尺)。相對濕度68%。
歸仁區,2019-11-16T18:00:00+08:00,22,19,84,24,20,25,20,23,20,,偏北風,4,晴時多雲,NONE,晴時多雲。溫度攝氏20至24度。舒適。偏北風 風速3級(每秒4公尺)。相對濕度84%。
歸仁區,2019-11-17T06:00:00+08:00,26,19,68,30,20,30,20,26,20,,偏北風,5,晴時多雲,6,晴時多雲。溫度攝氏20至30度。舒適。偏北風 風速3級(每秒5公尺)。相對濕度68%。
歸仁區,2019-11-17T18:00:00+08:00,22,20,86,25,20,26,20,23,20,,偏北風,4,晴時多雲,NONE,晴時多雲。溫度攝氏20至25度。舒適。偏北風 風速3級(每秒4公尺)。相對濕度86%。
關廟區,2019-11-11T00:00:00+08:00,20,18,89,20,19,21,18,20,19,0,偏東風,5,晴時多雲,NONE,晴時多雲。降雨機率 0%。溫度攝氏19至20度。稍有寒意至舒適。偏東風 風速3級(每秒5公尺)。相對濕度89%。
關廟區,2019-11-11T06:00:00+08:00,25,19,67,29,19,29,18,25,19,0,偏西風,4,晴時多雲,5,晴時多雲。降雨機率 0%。溫度攝氏19至29度。稍有寒意至舒適。偏西風 風速3級(每秒4公尺)。相對濕度67%。
關廟區,2019-11-11T18:00:00+08:00,20,18,84,24,19,24,18,22,18,0,偏東風,4,晴時多雲,NONE,晴時多雲。降雨機率 0%。溫度攝氏19至24度。稍有寒意至舒適。偏東風 風速3級(每秒4公尺)。相對濕度84%。
關廟區,2019-11-12T06:00:00+08:00,25,19,66,29,18,30,18,26,18,0,偏西風,4,晴時多雲,6,晴時多雲。降雨機率 0%。溫度攝氏18至29度。稍有寒意至舒適。偏西風 風速3級(每秒4公尺)。相對濕度66%。
關廟區,2019-11-12T18:00:00+08:00,21,19,85,24,20,26,21,23,20,0,東北風,3,多雲,NONE,多雲。降雨機率 0%。溫度攝氏20至24度。舒適。東北風 風速2級(每秒3公尺)。相對濕度85%。
關廟區,2019-11-13T06:00:00+08:00,26,20,70,30,20,32,22,26,19,0,西北風,4,晴時多雲,6,晴時多雲。降雨機率 0%。溫度攝氏20至30度。稍有寒意至舒適。西北風 風速3級(每秒4公尺)。相對濕度70%。
關廟區,2019-11-13T18:00:00+08:00,21,18,83,25,20,24,20,22,19,0,東北風,3,晴時多雲,NONE,晴時多雲。降雨機率 0%。溫度攝氏20至25度。稍有寒意至舒適。東北風 風速2級(每秒3公尺)。相對濕度83%。
關廟區,2019-11-14T06:00:00+08:00,26,19,67,30,19,31,20,26,19,,偏西風,4,多雲,5,多雲。溫度攝氏19至30度。稍有寒意至舒適。偏西風 風速3級(每秒4公尺)。相對濕度67%。
關廟區,2019-11-14T18:00:00+08:00,22,17,77,25,20,24,21,22,20,,偏北風,3,多雲,NONE,多雲。溫度攝氏20至25度。舒適。偏北風 風速2級(每秒3公尺)。相對濕度77%。
關廟區,2019-11-15T06:00:00+08:00,26,20,72,30,20,31,21,26,20,,偏東風,4,晴時多雲,5,晴時多雲。溫度攝氏20至30度。舒適。偏東風 風速3級(每秒4公尺)。相對濕度72%。
關廟區,2019-11-15T18:00:00+08:00,22,19,84,25,21,26,22,23,20,,偏南風,2,晴時多雲,NONE,晴時多雲。溫度攝氏21至25度。舒適。偏南風 風速2級(每秒2公尺)。相對濕度84%。
關廟區,2019-11-16T06:00:00+08:00,26,19,70,29,20,30,22,25,20,,西北風,4,晴時多雲,6,晴時多雲。溫度攝氏20至29度。舒適。西北風 風速3級(每秒4公尺)。相對濕度70%。
關廟區,2019-11-16T18:00:00+08:00,21,19,85,24,20,25,20,22,20,,偏北風,3,晴時多雲,NONE,晴時多雲。溫度攝氏20至24度。舒適。偏北風 風速2級(每秒3公尺)。相對濕度85%。
關廟區,2019-11-17T06:00:00+08:00,26,19,68,30,20,31,20,26,19,,偏北風,4,晴時多雲,6,晴時多雲。溫度攝氏20至30度。稍有寒意至舒適。偏北風 風速3級(每秒4公尺)。相對濕度68%。
關廟區,2019-11-17T18:00:00+08:00,21,19,86,24,20,26,20,23,19,,偏北風,3,晴時多雲,NONE,晴時多雲。溫度攝氏20至24度。稍有寒意至舒適。偏北風 風速2級(每秒3公尺)。相對濕度86%。
龍崎區,2019-11-11T00:00:00+08:00,19,17,91,19,18,20,17,19,18,0,偏東風,4,晴時多雲,NONE,晴時多雲。降雨機率 0%。溫度攝氏18至19度。稍有寒意。偏東風 風速3級(每秒4公尺)。相對濕度91%。
龍崎區,2019-11-11T06:00:00+08:00,25,19,70,29,18,30,17,26,18,0,偏西風,3,晴時多雲,6,晴時多雲。降雨機率 0%。溫度攝氏18至29度。稍有寒意至舒適。偏西風 風速2級(每秒3公尺)。相對濕度70%。
龍崎區,2019-11-11T18:00:00+08:00,19,17,87,23,18,23,17,22,17,0,偏東風,3,晴時多雲,NONE,晴時多雲。降雨機率 0%。溫度攝氏18至23度。稍有寒意至舒適。偏東風 風速2級(每秒3公尺)。相對濕度87%。
龍崎區,2019-11-12T06:00:00+08:00,25,19,70,29,17,30,17,26,17,0,偏西風,3,晴時多雲,6,晴時多雲。降雨機率 0%。溫度攝氏17至29度。稍有寒意至舒適。偏西風 風速2級(每秒3公尺)。相對濕度70%。
龍崎區,2019-11-12T18:00:00+08:00,20,18,88,24,19,24,20,22,18,0,東北風,2,多雲,NONE,多雲。降雨機率 0%。溫度攝氏19至24度。稍有寒意至舒適。東北風 風速2級(每秒2公尺)。相對濕度88%。
龍崎區,2019-11-13T06:00:00+08:00,26,20,72,30,18,31,20,26,18,0,西北風,4,晴時多雲,6,晴時多雲。降雨機率 0%。溫度攝氏18至30度。稍有寒意至舒適。西北風 風速3級(每秒4公尺)。相對濕度72%。
龍崎區,2019-11-13T18:00:00+08:00,20,18,86,24,18,24,19,22,18,0,東北風,2,晴時多雲,NONE,晴時多雲。降雨機率 0%。溫度攝氏18至24度。稍有寒意至舒適。東北風 風速2級(每秒2公尺)。相對濕度86%。
龍崎區,2019-11-14T06:00:00+08:00,25,19,71,30,18,31,19,26,18,,偏西風,4,多雲,5,多雲。溫度攝氏18至30度。稍有寒意至舒適。偏西風 風速3級(每秒4公尺)。相對濕度71%。
龍崎區,2019-11-14T18:00:00+08:00,21,17,80,24,19,24,20,22,19,,東北風,2,多雲,NONE,多雲。溫度攝氏19至24度。稍有寒意至舒適。東北風 風速2級(每秒2公尺)。相對濕度80%。
龍崎區,2019-11-15T06:00:00+08:00,26,20,74,30,19,32,20,26,19,,偏東風,3,晴時多雲,5,晴時多雲。溫度攝氏19至30度。稍有寒意至舒適。偏東風 風速2級(每秒3公尺)。相對濕度74%。
龍崎區,2019-11-15T18:00:00+08:00,21,19,87,24,20,25,20,23,19,,偏南風,2,晴時多雲,NONE,晴時多雲。溫度攝氏20至24度。稍有寒意至舒適。偏南風 風速2級(每秒2公尺)。相對濕度87%。
龍崎區,2019-11-16T06:00:00+08:00,25,20,74,28,19,30,20,25,19,,西北風,3,晴時多雲,6,晴時多雲。溫度攝氏19至28度。稍有寒意至舒適。西北風 風速2級(每秒3公尺)。相對濕度74%。
龍崎區,2019-11-16T18:00:00+08:00,20,18,87,23,19,24,19,22,19,,偏北風,4,晴時多雲,NONE,晴時多雲。溫度攝氏19至23度。稍有寒意至舒適。偏北風 風速3級(每秒4公尺)。相對濕度87%。
龍崎區,2019-11-17T06:00:00+08:00,26,20,71,30,19,31,18,26,18,,偏北風,4,晴時多雲,6,晴時多雲。溫度攝氏19至30度。稍有寒意至舒適。偏北風 風速3級(每秒4公尺)。相對濕度71%。
龍崎區,2019-11-17T18:00:00+08:00,20,18,88,24,18,24,18,22,18,,偏北風,3,晴時多雲,NONE,晴時多雲。溫度攝氏18至24度。稍有寒意至舒適。偏北風 風速2級(每秒3公尺)。相對濕度88%。
永康區,2019-11-11T00:00:00+08:00,20,18,87,21,19,22,20,20,19,0,東北風,3,晴時多雲,NONE,晴時多雲。降雨機率 0%。溫度攝氏19至21度。稍有寒意至舒適。東北風 風速2級(每秒3公尺)。相對濕度87%。
永康區,2019-11-11T06:00:00+08:00,25,18,65,29,19,29,20,25,19,0,西北風,5,晴時多雲,6,晴時多雲。降雨機率 0%。溫度攝氏19至29度。稍有寒意至舒適。西北風 風速3級(每秒5公尺)。相對濕度65%。
永康區,2019-11-11T18:00:00+08:00,21,17,80,24,19,24,19,22,18,0,偏東風,3,晴時多雲,NONE,晴時多雲。降雨機率 0%。溫度攝氏19至24度。稍有寒意至舒適。偏東風 風速2級(每秒3公尺)。相對濕度80%。
永康區,2019-11-12T06:00:00+08:00,25,18,64,29,19,30,18,26,18,0,偏西風,5,晴時多雲,6,晴時多雲。降雨機率 0%。溫度攝氏19至29度。稍有寒意至舒適。偏西風 風速3級(每秒5公尺)。相對濕度64%。
永康區,2019-11-12T18:00:00+08:00,22,18,81,24,20,25,21,23,19,0,東北風,3,多雲,NONE,多雲。降雨機率 0%。溫度攝氏20至24度。稍有寒意至舒適。東北風 風速2級(每秒3公尺)。相對濕度81%。
永康區,2019-11-13T06:00:00+08:00,26,19,66,30,20,30,21,26,19,0,西北風,5,晴時多雲,6,晴時多雲。降雨機率 0%。溫度攝氏20至30度。稍有寒意至舒適。西北風 風速3級(每秒5公尺)。相對濕度66%。
永康區,2019-11-13T18:00:00+08:00,22,18,79,25,20,24,19,23,20,0,偏北風,4,晴時多雲,NONE,晴時多雲。降雨機率 0%。溫度攝氏20至25度。舒適。偏北風 風速3級(每秒4公尺)。相對濕度79%。
永康區,2019-11-14T06:00:00+08:00,26,18,63,30,20,30,19,26,19,,偏北風,6,多雲,5,多雲。溫度攝氏20至30度。稍有寒意至舒適。偏北風 風速4級(每秒6公尺)。相對濕度63%。
永康區,2019-11-14T18:00:00+08:00,22,17,74,25,20,23,20,22,20,,偏北風,4,多雲,NONE,多雲。溫度攝氏20至25度。舒適。偏北風 風速3級(每秒4公尺)。相對濕度74%。
永康區,2019-11-15T06:00:00+08:00,26,20,69,30,20,31,20,26,19,,偏西風,4,晴時多雲,5,晴時多雲。溫度攝氏20至30度。稍有寒意至舒適。偏西風 風速3級(每秒4公尺)。相對濕度69%。
永康區,2019-11-15T18:00:00+08:00,23,19,80,25,21,26,22,23,20,,東南風,3,晴時多雲,NONE,晴時多雲。溫度攝氏21至25度。舒適。東南風 風速2級(每秒3公尺)。相對濕度80%。
永康區,2019-11-16T06:00:00+08:00,25,19,68,28,21,29,21,25,20,,西北風,5,晴時多雲,6,晴時多雲。溫度攝氏21至28度。舒適。西北風 風速3級(每秒5公尺)。相對濕度68%。
永康區,2019-11-16T18:00:00+08:00,22,18,81,24,20,24,19,22,20,,偏北風,5,晴時多雲,NONE,晴時多雲。溫度攝氏20至24度。舒適。偏北風 風速3級(每秒5公尺)。相對濕度81%。
永康區,2019-11-17T06:00:00+08:00,26,19,67,30,20,30,19,26,19,,偏北風,6,晴時多雲,6,晴時多雲。溫度攝氏20至30度。稍有寒意至舒適。偏北風 風速4級(每秒6公尺)。相對濕度67%。
永康區,2019-11-17T18:00:00+08:00,22,19,82,25,20,25,20,23,20,,偏北風,4,晴時多雲,NONE,晴時多雲。溫度攝氏20至25度。舒適。偏北風 風速3級(每秒4公尺)。相對濕度82%。
東區,2019-11-11T00:00:00+08:00,21,18,84,22,20,22,19,20,20,0,偏東風,5,晴時多雲,NONE,晴時多雲。降雨機率 0%。溫度攝氏20至22度。舒適。偏東風 風速3級(每秒5公尺)。相對濕度84%。
東區,2019-11-11T06:00:00+08:00,25,18,65,28,20,28,19,25,19,0,偏北風,6,晴時多雲,5,晴時多雲。降雨機率 0%。溫度攝氏20至28度。稍有寒意至舒適。偏北風 風速4級(每秒6公尺)。相對濕度65%。
東區,2019-11-11T18:00:00+08:00,21,17,77,24,20,24,18,22,19,0,偏東風,5,晴時多雲,NONE,晴時多雲。降雨機率 0%。溫度攝氏20至24度。稍有寒意至舒適。偏東風 風速3級(每秒5公尺)。相對濕度77%。
東區,2019-11-12T06:00:00+08:00,25,18,63,29,19,30,18,26,19,0,偏東風,5,晴時多雲,6,晴時多雲。降雨機率 0%。溫度攝氏19至29度。稍有寒意至舒適。偏東風 風速3級(每秒5公尺)。相對濕度63%。
東區,2019-11-12T18:00:00+08:00,22,18,78,25,21,25,20,23,20,0,東北風,4,多雲,NONE,多雲。降雨機率 0%。溫度攝氏21至25度。舒適。東北風 風速3級(每秒4公尺)。相對濕度78%。
東區,2019-11-13T06:00:00+08:00,26,18,65,29,20,29,21,26,20,0,西北風,6,晴時多雲,6,晴時多雲。降雨機率 0%。溫度攝氏20至29度。舒適。西北風 風速4級(每秒6公尺)。相對濕度65%。
東區,2019-11-13T18:00:00+08:00,22,17,75,25,20,23,19,22,20,0,偏北風,5,晴時多雲,NONE,晴時多雲。降雨機率 0%。溫度攝氏20至25度。舒適。偏北風 風速3級(每秒5公尺)。相對濕度75%。
東區,2019-11-14T06:00:00+08:00,26,17,62,29,20,29,19,25,19,,偏北風,6,多雲,5,多雲。溫度攝氏20至29度。稍有寒意至舒適。偏北風 風速4級(每秒6公尺)。相對濕度62%。
東區,2019-11-14T18:00:00+08:00,22,17,71,25,20,23,20,22,20,,偏北風,4,多雲,NONE,多雲。溫度攝氏20至25度。舒適。偏北風 風速3級(每秒4公尺)。相對濕度71%。
東區,2019-11-15T06:00:00+08:00,26,19,68,29,20,30,20,26,20,,偏西風,5,晴時多雲,5,晴時多雲。溫度攝氏20至29度。舒適。偏西風 風速3級(每秒5公尺)。相對濕度68%。
東區,2019-11-15T18:00:00+08:00,23,18,76,25,22,26,21,23,21,,偏西風,4,晴時多雲,NONE,晴時多雲。溫度攝氏22至25度。舒適。偏西風 風速3級(每秒4公尺)。相對濕度76%。
東區,2019-11-16T06:00:00+08:00,25,18,67,28,21,28,21,25,20,,西北風,6,晴時多雲,5,晴時多雲。溫度攝氏21至28度。舒適。西北風 風速4級(每秒6公尺)。相對濕度67%。
東區,2019-11-16T18:00:00+08:00,22,18,76,25,21,24,19,23,20,,偏北風,6,晴時多雲,NONE,晴時多雲。溫度攝氏21至25度。舒適。偏北風 風速4級(每秒6公尺)。相對濕度76%。
東區,2019-11-17T06:00:00+08:00,26,19,67,29,21,28,19,26,20,,偏北風,7,晴時多雲,6,晴時多雲。溫度攝氏21至29度。舒適。偏北風 風速4級(每秒7公尺)。相對濕度67%。
東區,2019-11-17T18:00:00+08:00,23,19,78,25,21,25,20,23,20,,偏北風,4,晴時多雲,NONE,晴時多雲。溫度攝氏21至25度。舒適。偏北風 風速3級(每秒4公尺)。相對濕度78%。
南區,2019-11-11T00:00:00+08:00,22,19,85,22,21,22,20,21,20,0,偏東風,6,晴時多雲,NONE,晴時多雲。降雨機率 0%。溫度攝氏21至22度。舒適。偏東風 風速4級(每秒6公尺)。相對濕度85%。
南區,2019-11-11T06:00:00+08:00,25,18,64,28,21,28,19,24,20,0,東北風,7,晴時多雲,5,晴時多雲。降雨機率 0%。溫度攝氏21至28度。舒適。東北風 風速4級(每秒7公尺)。相對濕度64%。
南區,2019-11-11T18:00:00+08:00,22,18,78,24,21,24,20,22,20,0,偏東風,5,晴時多雲,NONE,晴時多雲。降雨機率 0%。溫度攝氏21至24度。舒適。偏東風 風速3級(每秒5公尺)。相對濕度78%。
南區,2019-11-12T06:00:00+08:00,25,18,64,28,20,30,19,25,20,0,偏東風,5,晴時多雲,6,晴時多雲。降雨機率 0%。溫度攝氏20至28度。舒適。偏東風 風速3級(每秒5公尺)。相對濕度64%。
南區,2019-11-12T18:00:00+08:00,23,19,79,25,22,25,21,23,21,0,東北風,4,多雲,NONE,多雲。降雨機率 0%。溫度攝氏22至25度。舒適。東北風 風速3級(每秒4公尺)。相對濕度79%。
南區,2019-11-13T06:00:00+08:00,26,18,65,28,21,28,22,25,20,0,西北風,6,晴時多雲,6,晴時多雲。降雨機率 0%。溫度攝氏21至28度。舒適。西北風 風速4級(每秒6公尺)。相對濕度65%。
南區,2019-11-13T18:00:00+08:00,22,18,76,25,21,23,20,22,20,0,偏北風,5,晴時多雲,NONE,晴時多雲。降雨機率 0%。溫度攝氏21至25度。舒適。偏北風 風速3級(每秒5公尺)。相對濕度76%。
南區,2019-11-14T06:00:00+08:00,26,18,62,29,21,28,20,25,20,,偏北風,7,多雲,5,多雲。溫度攝氏21至29度。舒適。偏北風 風速4級(每秒7公尺)。相對濕度62%。
南區,2019-11-14T18:00:00+08:00,23,17,72,25,21,23,21,22,21,,偏北風,5,多雲,NONE,多雲。溫度攝氏21至25度。舒適。偏北風 風速3級(每秒5公尺)。相對濕度72%。
南區,2019-11-15T06:00:00+08:00,26,19,70,28,21,29,21,25,20,,偏西風,5,晴時多雲,5,晴時多雲。溫度攝氏21至28度。舒適。偏西風 風速3級(每秒5公尺)。相對濕度70%。
南區,2019-11-15T18:00:00+08:00,23,19,77,25,22,26,22,23,21,,偏西風,4,晴時多雲,NONE,晴時多雲。溫度攝氏22至25度。舒適。偏西風 風速3級(每秒4公尺)。相對濕度77%。
南區,2019-11-16T06:00:00+08:00,25,19,68,27,22,27,22,24,21,,西北風,6,晴時多雲,5,晴時多雲。溫度攝氏22至27度。舒適。西北風 風速4級(每秒6公尺)。相對濕度68%。
南區,2019-11-16T18:00:00+08:00,23,19,78,24,22,24,20,23,21,,偏北風,6,晴時多雲,NONE,晴時多雲。溫度攝氏22至24度。舒適。偏北風 風速4級(每秒6公尺)。相對濕度78%。
南區,2019-11-17T06:00:00+08:00,26,20,69,29,22,27,20,25,21,,偏北風,8,晴時多雲,6,晴時多雲。溫度攝氏22至29度。舒適。偏北風 風速5級(每秒8公尺)。相對濕度69%。
南區,2019-11-17T18:00:00+08:00,23,20,80,25,22,25,21,23,21,,偏北風,5,晴時多雲,NONE,晴時多雲。溫度攝氏22至25度。舒適。偏北風 風速3級(每秒5公尺)。相對濕度80%。
北區,2019-11-11T00:00:00+08:00,21,19,85,22,20,22,20,21,20,0,偏東風,5,晴時多雲,NONE,晴時多雲。降雨機率 0%。溫度攝氏20至22度。舒適。偏東風 風速3級(每秒5公尺)。相對濕度85%。
北區,2019-11-11T06:00:00+08:00,25,18,63,29,20,29,20,25,20,0,東北風,6,晴時多雲,6,晴時多雲。降雨機率 0%。溫度攝氏20至29度。舒適。東北風 風速4級(每秒6公尺)。相對濕度63%。
北區,2019-11-11T18:00:00+08:00,22,18,78,25,20,24,19,22,20,0,偏東風,5,晴時多雲,NONE,晴時多雲。降雨機率 0%。溫度攝氏20至25度。舒適。偏東風 風速3級(每秒5公尺)。相對濕度78%。
北區,2019-11-12T06:00:00+08:00,26,18,63,30,20,31,19,26,19,0,偏東風,5,晴時多雲,6,晴時多雲。降雨機率 0%。溫度攝氏20至30度。稍有寒意至舒適。偏東風 風速3級(每秒5公尺)。相對濕度63%。
北區,2019-11-12T18:00:00+08:00,23,19,79,25,21,26,21,23,20,0,東北風,5,多雲,NONE,多雲。降雨機率 0%。溫度攝氏21至25度。舒適。東北風 風速3級(每秒5公尺)。相對濕度79%。
北區,2019-11-13T06:00:00+08:00,26,19,65,30,21,29,21,26,20,0,西北風,6,晴時多雲,6,晴時多雲。降雨機率 0%。溫度攝氏21至30度。舒適。西北風 風速4級(每秒6公尺)。相對濕度65%。
北區,2019-11-13T18:00:00+08:00,22,18,76,25,21,23,20,23,20,0,偏北風,6,晴時多雲,NONE,晴時多雲。降雨機率 0%。溫度攝氏21至25度。舒適。偏北風 風速4級(每秒6公尺)。相對濕度76%。
北區,2019-11-14T06:00:00+08:00,26,18,62,30,20,29,20,25,20,,偏北風,7,多雲,5,多雲。溫度攝氏20至30度。舒適。偏北風 風速4級(每秒7公尺)。相對濕度62%。
北區,2019-11-14T18:00:00+08:00,22,17,72,25,21,23,20,22,20,,偏北風,5,多雲,NONE,多雲。溫度攝氏21至25度。舒適。偏北風 風速3級(每秒5公尺)。相對濕度72%。
北區,2019-11-15T06:00:00+08:00,26,20,68,30,20,30,20,26,20,,偏西風,5,晴時多雲,5,晴時多雲。溫度攝氏20至30度。舒適。偏西風 風速3級(每秒5公尺)。相對濕度68%。
北區,2019-11-15T18:00:00+08:00,23,19,76,26,22,27,22,23,21,,偏西風,4,晴時多雲,NONE,晴時多雲。溫度攝氏22至26度。舒適。偏西風 風速3級(每秒4公尺)。相對濕度76%。
北區,2019-11-16T06:00:00+08:00,25,19,68,28,22,28,21,25,21,,西北風,6,晴時多雲,5,晴時多雲。溫度攝氏22至28度。舒適。西北風 風速4級(每秒6公尺)。相對濕度68%。
北區,2019-11-16T18:00:00+08:00,23,18,78,25,21,24,20,23,20,,偏北風,6,晴時多雲,NONE,晴時多雲。溫度攝氏21至25度。舒適。偏北風 風速4級(每秒6公尺)。相對濕度78%。
北區,2019-11-17T06:00:00+08:00,26,20,68,30,21,28,19,26,20,,偏北風,8,晴時多雲,6,晴時多雲。溫度攝氏21至30度。舒適。偏北風 風速5級(每秒8公尺)。相對濕度68%。
北區,2019-11-17T18:00:00+08:00,23,19,80,26,21,25,20,24,20,,偏北風,5,晴時多雲,NONE,晴時多雲。溫度攝氏21至26度。舒適。偏北風 風速3級(每秒5公尺)。相對濕度80%。
安南區,2019-11-11T00:00:00+08:00,21,19,88,21,20,21,20,20,20,0,東北風,4,晴時多雲,NONE,晴時多雲。降雨機率 0%。溫度攝氏20至21度。舒適。東北風 風速3級(每秒4公尺)。相對濕度88%。
安南區,2019-11-11T06:00:00+08:00,25,17,63,28,20,28,19,24,19,0,東北風,7,晴時多雲,6,晴時多雲。降雨機率 0%。溫度攝氏20至28度。稍有寒意至舒適。東北風 風速4級(每秒7公尺)。相對濕度63%。
安南區,2019-11-11T18:00:00+08:00,21,18,80,24,20,23,18,22,19,0,偏東風,5,晴時多雲,NONE,晴時多雲。降雨機率 0%。溫度攝氏20至24度。稍有寒意至舒適。偏東風 風速3級(每秒5公尺)。相對濕度80%。
安南區,2019-11-12T06:00:00+08:00,25,17,62,28,19,30,18,25,19,0,偏東風,5,晴時多雲,6,晴時多雲。降雨機率 0%。溫度攝氏19至28度。稍有寒意至舒適。偏東風 風速3級(每秒5公尺)。相對濕度62%。
安南區,2019-11-12T18:00:00+08:00,22,18,80,24,20,24,20,23,20,0,東北風,4,多雲時晴,NONE,多雲時晴。降雨機率 0%。溫度攝氏20至24度。舒適。東北風 風速3級(每秒4公尺)。相對濕度80%。
安南區,2019-11-13T06:00:00+08:00,25,18,65,29,20,28,20,25,19,20,西北風,6,晴時多雲,6,晴時多雲。降雨機率 20%。溫度攝氏20至29度。稍有寒意至舒適。西北風 風速4級(每秒6公尺)。相對濕度65%。
安南區,2019-11-13T18:00:00+08:00,22,18,78,25,20,23,19,22,20,0,偏北風,6,晴時多雲,NONE,晴時多雲。降雨機率 0%。溫度攝氏20至25度。舒適。偏北風 風速4級(每秒6公尺)。相對濕度78%。
安南區,2019-11-14T06:00:00+08:00,25,17,62,29,20,27,19,25,20,,偏北風,7,多雲,5,多雲。溫度攝氏20至29度。舒適。偏北風 風速4級(每秒7公尺)。相對濕度62%。
安南區,2019-11-14T18:00:00+08:00,22,16,72,24,20,21,19,22,20,,偏北風,5,多雲,NONE,多雲。溫度攝氏20至24度。舒適。偏北風 風速3級(每秒5公尺)。相對濕度72%。
安南區,2019-11-15T06:00:00+08:00,25,19,68,29,20,28,19,25,19,,偏西風,5,多雲時晴,5,多雲時晴。溫度攝氏20至29度。稍有寒意至舒適。偏西風 風速3級(每秒5公尺)。相對濕度68%。
安南區,2019-11-15T18:00:00+08:00,23,18,77,25,21,26,21,23,21,,東南風,4,晴時多雲,NONE,晴時多雲。溫度攝氏21至25度。舒適。東南風 風速3級(每秒4公尺)。相對濕度77%。
安南區,2019-11-16T06:00:00+08:00,25,18,68,27,21,26,21,24,20,,西北風,6,晴時多雲,6,晴時多雲。溫度攝氏21至27度。舒適。西北風 風速4級(每秒6公尺)。相對濕度68%。
安南區,2019-11-16T18:00:00+08:00,22,18,80,24,21,23,19,22,20,,偏北風,7,晴時多雲,NONE,晴時多雲。溫度攝氏21至24度。舒適。偏北風 風速4級(每秒7公尺)。相對濕度80%。
安南區,2019-11-17T06:00:00+08:00,25,19,68,29,21,27,18,25,20,,偏北風,8,晴時多雲,6,晴時多雲。溫度攝氏21至29度。舒適。偏北風 風速5級(每秒8公尺)。相對濕度68%。
安南區,2019-11-17T18:00:00+08:00,22,19,81,25,21,24,20,23,20,,偏北風,5,晴時多雲,NONE,晴時多雲。溫度攝氏21至25度。舒適。偏北風 風速3級(每秒5公尺)。相對濕度81%。
安平區,2019-11-11T00:00:00+08:00,21,19,88,22,21,22,20,21,20,0,偏東風,6,晴時多雲,NONE,晴時多雲。降雨機率 0%。溫度攝氏21至22度。舒適。偏東風 風速4級(每秒6公尺)。相對濕度88%。
安平區,2019-11-11T06:00:00+08:00,25,17,62,28,20,27,19,24,20,0,東北風,7,晴時多雲,6,晴時多雲。降雨機率 0%。溫度攝氏20至28度。舒適。東北風 風速4級(每秒7公尺)。相對濕度62%。
安平區,2019-11-11T18:00:00+08:00,22,19,82,24,20,24,20,22,20,0,偏東風,5,晴時多雲,NONE,晴時多雲。降雨機率 0%。溫度攝氏20至24度。舒適。偏東風 風速3級(每秒5公尺)。相對濕度82%。
安平區,2019-11-12T06:00:00+08:00,25,18,64,28,20,30,19,25,20,0,偏東風,5,晴時多雲,6,晴時多雲。降雨機率 0%。溫度攝氏20至28度。舒適。偏東風 風速3級(每秒5公尺)。相對濕度64%。
安平區,2019-11-12T18:00:00+08:00,23,20,84,25,21,25,21,23,21,0,東北風,5,多雲時晴,NONE,多雲時晴。降雨機率 0%。溫度攝氏21至25度。舒適。東北風 風速3級(每秒5公尺)。相對濕度84%。
安平區,2019-11-13T06:00:00+08:00,25,18,66,28,21,27,21,25,20,20,西北風,6,晴時多雲,6,晴時多雲。降雨機率 20%。溫度攝氏21至28度。舒適。西北風 風速4級(每秒6公尺)。相對濕度66%。
安平區,2019-11-13T18:00:00+08:00,22,18,79,25,21,22,20,22,20,0,偏北風,6,晴時多雲,NONE,晴時多雲。降雨機率 0%。溫度攝氏21至25度。舒適。偏北風 風速4級(每秒6公尺)。相對濕度79%。
安平區,2019-11-14T06:00:00+08:00,25,18,64,28,21,27,20,24,20,,偏北風,7,多雲,5,多雲。溫度攝氏21至28度。舒適。偏北風 風速4級(每秒7公尺)。相對濕度64%。
安平區,2019-11-14T18:00:00+08:00,22,18,76,25,21,22,20,22,20,,偏北風,5,多雲,NONE,多雲。溫度攝氏21至25度。舒適。偏北風 風速3級(每秒5公尺)。相對濕度76%。
安平區,2019-11-15T06:00:00+08:00,25,19,72,28,21,28,20,25,20,,偏西風,5,晴時多雲,5,晴時多雲。溫度攝氏21至28度。舒適。偏西風 風速3級(每秒5公尺)。相對濕度72%。
安平區,2019-11-15T18:00:00+08:00,23,19,81,25,22,26,22,23,21,,偏西風,4,晴時多雲,NONE,晴時多雲。溫度攝氏22至25度。舒適。偏西風 風速3級(每秒4公尺)。相對濕度81%。
安平區,2019-11-16T06:00:00+08:00,25,19,71,27,22,26,22,24,21,,西北風,6,晴時多雲,5,晴時多雲。溫度攝氏22至27度。舒適。西北風 風速4級(每秒6公尺)。相對濕度71%。
安平區,2019-11-16T18:00:00+08:00,22,20,83,24,21,23,20,23,21,,偏北風,7,晴時多雲,NONE,晴時多雲。溫度攝氏21至24度。舒適。偏北風 風速4級(每秒7公尺)。相對濕度83%。
安平區,2019-11-17T06:00:00+08:00,26,20,71,28,21,27,20,25,21,,偏北風,8,晴時多雲,6,晴時多雲。溫度攝氏21至28度。舒適。偏北風 風速5級(每秒8公尺)。相對濕度71%。
安平區,2019-11-17T18:00:00+08:00,23,20,86,25,21,24,20,23,21,,偏北風,6,晴時多雲,NONE,晴時多雲。溫度攝氏21至25度。舒適。偏北風 風速4級(每秒6公尺)。相對濕度86%。
中西區,2019-11-11T00:00:00+08:00,21,19,85,22,20,22,20,21,20,0,偏東風,5,晴時多雲,NONE,晴時多雲。降雨機率 0%。溫度攝氏20至22度。舒適。偏東風 風速3級(每秒5公尺)。相對濕度85%。
中西區,2019-11-11T06:00:00+08:00,25,18,63,29,20,29,20,25,20,0,東北風,6,晴時多雲,6,晴時多雲。降雨機率 0%。溫度攝氏20至29度。舒適。東北風 風速4級(每秒6公尺)。相對濕度63%。
中西區,2019-11-11T18:00:00+08:00,22,18,78,25,20,24,19,22,20,0,偏東風,5,晴時多雲,NONE,晴時多雲。降雨機率 0%。溫度攝氏20至25度。舒適。偏東風 風速3級(每秒5公尺)。相對濕度78%。
中西區,2019-11-12T06:00:00+08:00,26,18,63,30,20,31,19,26,19,0,偏東風,5,晴時多雲,6,晴時多雲。降雨機率 0%。溫度攝氏20至30度。稍有寒意至舒適。偏東風 風速3級(每秒5公尺)。相對濕度63%。
中西區,2019-11-12T18:00:00+08:00,23,19,79,25,21,26,21,23,20,0,東北風,5,多雲,NONE,多雲。降雨機率 0%。溫度攝氏21至25度。舒適。東北風 風速3級(每秒5公尺)。相對濕度79%。
中西區,2019-11-13T06:00:00+08:00,26,19,65,30,21,29,21,26,20,0,西北風,6,晴時多雲,6,晴時多雲。降雨機率 0%。溫度攝氏21至30度。舒適。西北風 風速4級(每秒6公尺)。相對濕度65%。
中西區,2019-11-13T18:00:00+08:00,22,18,76,25,21,23,20,23,20,0,偏北風,6,晴時多雲,NONE,晴時多雲。降雨機率 0%。溫度攝氏21至25度。舒適。偏北風 風速4級(每秒6公尺)。相對濕度76%。
中西區,2019-11-14T06:00:00+08:00,26,18,62,30,20,29,20,25,20,,偏北風,7,多雲,5,多雲。溫度攝氏20至30度。舒適。偏北風 風速4級(每秒7公尺)。相對濕度62%。
中西區,2019-11-14T18:00:00+08:00,22,17,72,25,21,23,20,22,20,,偏北風,5,多雲,NONE,多雲。溫度攝氏21至25度。舒適。偏北風 風速3級(每秒5公尺)。相對濕度72%。
中西區,2019-11-15T06:00:00+08:00,26,20,68,30,20,30,20,26,20,,偏西風,5,晴時多雲,5,晴時多雲。溫度攝氏20至30度。舒適。偏西風 風速3級(每秒5公尺)。相對濕度68%。
中西區,2019-11-15T18:00:00+08:00,23,19,76,26,22,27,22,23,21,,偏西風,4,晴時多雲,NONE,晴時多雲。溫度攝氏22至26度。舒適。偏西風 風速3級(每秒4公尺)。相對濕度76%。
中西區,2019-11-16T06:00:00+08:00,25,19,68,28,22,28,21,25,21,,西北風,6,晴時多雲,5,晴時多雲。溫度攝氏22至28度。舒適。西北風 風速4級(每秒6公尺)。相對濕度68%。
中西區,2019-11-16T18:00:00+08:00,23,18,78,25,21,24,20,23,20,,偏北風,6,晴時多雲,NONE,晴時多雲。溫度攝氏21至25度。舒適。偏北風 風速4級(每秒6公尺)。相對濕度78%。
中西區,2019-11-17T06:00:00+08:00,26,20,68,30,21,28,19,26,20,,偏北風,8,晴時多雲,6,晴時多雲。溫度攝氏21至30度。舒適。偏北風 風速5級(每秒8公尺)。相對濕度68%。
中西區,2019-11-17T18:00:00+08:00,23,19,80,26,21,25,20,24,20,,偏北風,5,晴時多雲,NONE,晴時多雲。溫度攝氏21至26度。舒適。偏北風 風速3級(每秒5公尺)。相對濕度80%。
